county,poverty_rate,health_insurance,median_household_income,unemployment_rate,public_transit,median_house_value,median_gross_rent,bachelor_holders,public_assistance
"Baldwin County, Alabama",9.7,93.2,72915,2.0,0.0,307000,1286,20.64,0.58
"Calhoun County, Alabama",21.3,91.1,50780,5.4,0.0,160900,782,11.84,1.65
"Cullman County, Alabama",18.3,89.4,58923,3.8,0.3,204000,788,10.75,1.34
"DeKalb County, Alabama",24.7,86.1,43509,3.8,0.0,156800,659,9.33,2.66
"Elmore County, Alabama",12.9,92.4,72478,2.7,0.0,229900,933,17.73,0.17
"Etowah County, Alabama",20.9,89.1,52192,6.6,0.0,188200,760,10.05,1.85
"Houston County, Alabama",16.7,90.0,59335,4.0,0.5,187100,957,12.83,1.24
"Jefferson County, Alabama",15.9,90.6,64623,3.5,0.5,249000,1164,20.76,1.54
"Lauderdale County, Alabama",11.7,92.9,64864,4.8,0.0,211700,745,16.61,1.35
"Lee County, Alabama",19.2,91.7,60358,5.4,0.9,280900,979,21.91,0.65
"Limestone County, Alabama",7.3,93.1,81942,3.4,0.0,292500,999,19.26,0.73
"Madison County, Alabama",10.5,93.0,86192,2.7,0.0,316200,1263,27.44,1.88
"Marshall County, Alabama",17.4,89.4,60298,3.3,0.3,199000,724,13.16,0.96
"Mobile County, Alabama",15.8,90.8,55352,3.1,0.4,191600,1022,16.44,1.14
"Montgomery County, Alabama",17.9,89.9,60739,4.5,0.4,170700,1023,17.93,1.59
"Morgan County, Alabama",10.2,91.3,75028,3.4,0.6,222000,870,16.18,0.89
"St. Clair County, Alabama",8.9,93.3,81334,3.5,0.0,223400,1027,16.04,0.6
"Shelby County, Alabama",9.0,93.1,88070,2.9,0.0,326600,1363,26.4,0.38
"Talladega County, Alabama",16.2,92.6,61111,4.0,0.0,154400,728,7.94,1.11
"Tuscaloosa County, Alabama",19.5,93.8,60926,5.8,1.3,248200,975,16.49,1.46
"Anchorage Municipality, Alaska",8.4,92.3,94437,4.3,1.2,385900,1474,21.97,5.33
"Fairbanks North Star Borough, Alaska",6.7,88.9,86391,3.7,0.9,285700,1503,17.3,3.99
"Matanuska-Susitna Borough, Alaska",10.1,90.5,93673,2.3,0.5,341300,1195,14.84,5.88
"Apache County, Arizona",29.8,86.0,40539,11.2,0.3,52700,607,8.53,2.97
"Cochise County, Arizona",15.9,90.2,52025,6.3,0.0,235200,988,14.46,2.97
"Coconino County, Arizona",18.6,91.2,71738,5.5,1.9,470900,1579,19.41,1.92
"Maricopa County, Arizona",10.9,90.2,87048,3.7,1.3,468700,1766,21.43,1.52
"Mohave County, Arizona",17.0,90.6,55954,5.6,0.0,293800,1077,10.03,1.9
"Navajo County, Arizona",25.6,87.1,50754,8.1,0.6,241400,869,10.78,3.45
"Pima County, Arizona",13.7,91.1,69758,4.6,2.0,337800,1263,19.66,1.92
"Pinal County, Arizona",11.5,89.1,77143,5.1,0.1,370600,1520,14.44,1.74
"Yavapai County, Arizona",13.0,91.0,67245,4.2,0.1,454200,1442,17.25,2.5
"Yuma County, Arizona",15.0,86.3,62888,6.8,0.4,246900,1055,11.18,1.43
"Benton County, Arkansas",7.4,89.9,92759,3.8,0.0,367400,1365,23.94,0.61
"Craighead County, Arkansas",17.4,90.3,59776,5.3,0.0,189700,968,16.82,0.59
"Faulkner County, Arkansas",13.9,93.3,67786,3.1,0.0,238700,1000,19.68,0.81
"Garland County, Arkansas",20.4,91.3,52275,4.3,0.1,220900,944,19.37,1.99
"Jefferson County, Arkansas",23.5,96.1,49045,5.8,0.5,92000,904,13.73,8.2
"Lonoke County, Arkansas",8.4,95.1,75327,5.0,0.0,189300,1065,14.94,1.48
"Pulaski County, Arkansas",15.5,90.2,61129,3.2,1.6,222500,1060,21.46,1.3
"Saline County, Arkansas",10.4,94.1,77278,2.7,0.0,235500,965,18.3,0.88
"Sebastian County, Arkansas",11.0,91.0,57949,4.7,0.0,191500,885,13.64,1.38
"Washington County, Arkansas",14.2,87.9,65465,3.0,0.2,325700,1112,19.87,0.26
"White County, Arkansas",17.0,92.4,53688,4.3,0.0,175100,780,12.34,2.17
"Alameda County, California",9.5,96.2,119931,5.3,9.0,1067800,2303,26.76,3.71
"Butte County, California",21.1,94.1,63222,6.9,1.0,420500,1434,17.67,3.88
"Contra Costa County, California",8.3,94.7,122794,5.6,6.4,829600,2314,27.21,2.56
"El Dorado County, California",6.3,95.7,108594,5.1,0.5,691600,1761,24.97,1.9
"Fresno County, California",17.8,93.0,71689,7.3,1.0,395500,1410,14.57,5.95
"Humboldt County, California",16.2,95.0,61621,6.7,0.8,468000,1246,22.37,2.92
"Imperial County, California",16.9,93.7,60243,9.3,0.0,331900,1022,9.81,5.77
"Kern County, California",19.2,91.7,68893,8.4,0.4,346600,1286,11.41,5.49
"Kings County, California",17.1,91.5,66429,9.7,0.6,348800,1220,7.18,5.32
"Lake County, California",17.0,94.0,59444,6.0,0.0,336700,1544,8.39,2.57
"Los Angeles County, California",13.7,92.4,86587,5.9,4.1,828700,1896,22.13,4.19
"Madera County, California",18.2,92.1,66553,7.7,0.8,398500,1477,9.75,5.09
"Marin County, California",9.0,97.1,139644,4.7,3.9,1512200,2614,29.68,1.85
"Mendocino County, California",12.3,95.9,67454,9.2,0.0,510400,1439,18.04,2.89
"Merced County, California",19.1,92.0,57570,9.2,0.4,409000,1294,9.73,4.75
"Monterey County, California",14.3,90.5,88035,3.6,1.4,759100,2004,15.36,1.95
"Napa County, California",9.0,96.4,104686,3.7,0.8,831800,2239,23.59,1.38
"Nevada County, California",11.2,97.0,87998,5.7,0.0,647200,1782,23.86,1.89
"Orange County, California",9.1,94.0,110042,4.2,1.0,961400,2382,26.69,2.35
"Placer County, California",6.4,96.6,109713,4.7,0.4,673900,2009,27.45,2.18
"Riverside County, California",11.3,92.1,90527,5.1,0.6,576000,1871,15.85,4.43
"Sacramento County, California",11.8,95.1,90252,6.3,1.2,533900,1762,21.14,4.26
"San Benito County, California",8.7,93.7,107324,4.4,1.2,761600,1985,15.06,1.57
"San Bernardino County, California",13.1,91.9,85069,6.2,0.7,515500,1831,14.05,5.91
"San Diego County, California",10.1,94.1,103674,4.7,2.1,864900,2296,24.69,2.82
"San Francisco County, California",12.0,96.8,126730,4.9,22.0,1348000,2356,35.23,2.67
"San Joaquin County, California",12.3,94.0,87418,6.6,1.0,531500,1655,15.34,4.23
"San Luis Obispo County, California",13.5,94.6,90670,4.4,1.0,817600,1922,22.18,2.09
"San Mateo County, California",7.3,95.6,151485,3.7,5.4,1492600,2797,29.18,2.05
"Santa Barbara County, California",15.4,90.7,91197,6.1,2.5,780700,1988,19.55,2.45
"Santa Clara County, California",7.5,95.9,154954,4.2,2.9,1443100,2781,27.98,2.61
"Santa Cruz County, California",13.0,95.4,105631,5.8,3.3,1011300,2055,21.74,2.09
"Shasta County, California",12.6,92.7,75949,4.5,0.4,355100,1351,14.76,3.51
"Solano County, California",10.4,95.7,100027,4.9,1.9,621000,2059,18.16,3.12
"Sonoma County, California",8.9,95.9,100707,4.0,0.8,784900,2061,22.65,2.09
"Stanislaus County, California",12.3,94.8,82758,6.6,0.2,456700,1595,13.04,4.39
"Sutter County, California",17.3,92.9,74727,6.5,0.9,405100,1403,12.45,2.45
"Tehama County, California",13.9,95.1,55128,3.7,0.6,322800,1126,14.82,3.69
"Tulare County, California",17.3,91.4,73097,8.2,0.4,339800,1277,9.6,5.97
"Ventura County, California",9.7,92.8,107667,5.3,0.6,820300,2264,21.75,1.85
"Yolo County, California",16.0,94.5,93203,5.0,1.9,610000,1900,21.31,1.52
"Yuba County, California",15.4,93.2,80396,8.2,0.2,391400,1304,10.59,7.26
"Adams County, Colorado",9.6,91.1,97706,3.1,2.1,494500,1811,18.7,2.17
"Arapahoe County, Colorado",10.7,90.5,98239,4.3,2.3,567300,1933,27.47,2.17
"Boulder County, Colorado",11.4,94.8,95363,4.7,2.7,763600,1915,30.96,1.56
"Broomfield County, Colorado",5.3,97.3,112139,3.1,2.0,660800,2086,32.78,0.59
"Denver County, Colorado",10.0,92.6,94157,3.7,3.8,626500,1843,32.96,2.06
"Douglas County, Colorado",4.1,96.8,143150,3.9,0.9,725500,2219,36.99,1.03
"El Paso County, Colorado",7.0,94.1,89549,4.3,0.3,470900,1708,24.31,1.97
"Jefferson County, Colorado",7.4,95.1,102231,2.9,1.5,645900,1851,31.51,1.15
"Larimer County, Colorado",10.6,94.7,88182,4.5,0.8,574900,1699,27.65,2.52
"Mesa County, Colorado",12.4,91.0,64722,4.4,0.3,373200,1184,20.95,3.91
"Pueblo County, Colorado",12.5,95.9,65161,3.5,0.4,313700,1165,15.15,3.63
"Weld County, Colorado",9.0,92.8,91047,4.0,0.3,475400,1569,20.17,1.88
"Capitol Planning Region, Connecticut",9.8,95.2,91005,4.5,3.0,326700,1389,21.89,2.96
"Greater Bridgeport Planning Region, Connecticut",10.9,89.9,95085,6.7,5.8,441400,1488,23.76,3.08
"Lower Connecticut River Valley Planning Region, Connecticut",7.2,96.1,99275,2.9,1.4,385300,1449,24.94,1.05
"Naugatuck Valley Planning Region, Connecticut",11.6,95.7,81326,5.3,1.0,327000,1298,17.75,3.2
"Northeastern Connecticut Planning Region, Connecticut",6.4,98.1,88806,2.2,0.3,305600,1217,17.29,1.47
"Northwest Hills Planning Region, Connecticut",8.4,96.0,91020,4.7,1.2,331100,1141,21.91,2.22
"South Central Connecticut Planning Region, Connecticut",12.6,94.9,80733,4.2,3.3,349200,1471,21.69,2.65
"Southeastern Connecticut Planning Region, Connecticut",13.5,96.4,82652,4.8,1.0,323700,1348,19.17,2.8
"Western Connecticut Planning Region, Connecticut",8.2,91.0,121429,4.2,9.0,657900,2076,29.95,2.62
"Kent County, Delaware",11.1,93.5,72910,3.4,1.6,325200,1320,15.85,3.77
"New Castle County, Delaware",10.7,93.9,86961,3.1,3.3,357400,1393,21.87,2.56
"Sussex County, Delaware",9.8,92.8,78061,4.4,0.3,397100,1236,18.5,2.07
"District of Columbia, District of Columbia",14.0,97.3,108210,5.3,22.9,715500,1904,27.52,3.03
"Alachua County, Florida",19.0,92.9,61488,3.8,2.4,307000,1370,20.49,1.91
"Bay County, Florida",11.0,86.4,71696,2.9,0.7,327700,1534,18.74,1.61
"Brevard County, Florida",10.1,90.5,78575,5.1,0.3,356600,1648,19.74,1.66
"Broward County, Florida",12.7,89.1,74531,4.2,2.1,439100,1961,21.43,1.68
"Charlotte County, Florida",8.7,93.0,71806,3.6,0.2,365900,1520,15.75,1.12
"Citrus County, Florida",17.2,88.4,53777,6.2,0.5,278800,1138,13.86,1.36
"Clay County, Florida",7.4,91.7,81758,3.6,0.1,338000,1619,18.77,1.25
"Collier County, Florida",10.9,86.8,90072,2.0,1.0,595500,2039,22.45,1.07
"Columbia County, Florida",16.8,83.2,60812,7.8,0.0,230300,998,10.33,1.87
"Duval County, Florida",14.6,89.5,69436,4.3,0.7,321400,1516,21.82,2.55
"Escambia County, Florida",12.7,87.1,72037,4.6,0.4,287000,1394,19.05,1.3
"Flagler County, Florida",9.1,91.0,71682,4.1,1.1,400400,1749,20.31,0.78
"Hernando County, Florida",11.8,90.3,64508,5.9,0.4,305100,1392,13.42,1.42
"Highlands County, Florida",19.9,89.2,51165,6.3,0.1,208900,1073,12.33,2.23
"Hillsborough County, Florida",13.3,89.4,76687,3.8,1.1,396200,1757,21.93,1.42
"Indian River County, Florida",12.0,89.6,72920,2.1,0.9,370600,1409,18.5,0.89
"Lake County, Florida",10.8,90.7,70730,4.0,0.3,321700,1644,20.08,0.96
"Lee County, Florida",12.5,88.3,71547,3.7,0.6,391700,1797,18.19,1.36
"Leon County, Florida",18.1,94.0,65981,6.2,2.3,311800,1284,24.32,1.03
"Manatee County, Florida",10.5,89.9,79524,3.8,1.0,424000,1771,22.63,1.08
"Marion County, Florida",15.2,89.1,58606,5.1,0.2,265100,1365,13.88,1.59
"Martin County, Florida",15.0,87.7,74601,4.9,0.4,438800,1585,25.04,1.3
"Miami-Dade County, Florida",14.0,87.8,72311,3.8,3.9,488600,1864,20.55,3.4
"Monroe County, Florida",8.5,86.6,88870,1.7,0.2,806100,2091,20.29,0.84
"Nassau County, Florida",11.2,93.3,90671,3.7,0.0,411500,1546,21.29,2.02
"Okaloosa County, Florida",10.4,89.4,83024,3.2,0.3,363800,1710,20.01,1.09
"Orange County, Florida",12.4,88.9,79053,4.1,1.4,405700,1815,24.15,1.53
"Osceola County, Florida",10.6,90.9,77466,4.9,0.8,373300,1802,20.99,3.34
"Palm Beach County, Florida",10.7,88.1,84921,4.3,1.6,491500,1982,24.36,2.13
"Pasco County, Florida",10.4,90.9,72317,4.1,0.2,337700,1540,18.25,2.95
"Pinellas County, Florida",11.2,89.2,70768,4.1,1.6,382400,1776,23.08,1.65
"Polk County, Florida",12.8,88.0,66909,3.7,0.5,296300,1403,16.16,1.94
"Putnam County, Florida",21.4,89.6,52256,4.4,0.4,160200,964,11.71,3.29
"St. Johns County, Florida",6.0,95.9,105153,2.8,0.1,534600,2037,32.18,0.98
"St. Lucie County, Florida",9.5,88.5,66530,5.0,0.3,371400,1729,14.49,1.84
"Santa Rosa County, Florida",6.7,90.9,87862,4.5,0.1,342100,1269,19.68,1.06
"Sarasota County, Florida",9.6,89.7,77705,4.0,0.4,450300,1940,24.13,1.31
"Seminole County, Florida",9.0,92.0,80547,4.2,0.5,404100,1803,27.23,1.58
"Sumter County, Florida",10.8,96.2,74715,7.5,1.1,411000,1347,22.64,0.2
"Volusia County, Florida",11.8,91.1,66273,3.9,0.4,341900,1480,17.21,2.14
"Walton County, Florida",11.5,89.8,78801,4.1,0.4,438000,1720,22.64,1.49
"Barrow County, Georgia",13.7,88.9,65914,2.2,0.0,300800,1285,10.9,2.14
"Bartow County, Georgia",7.5,83.3,80511,2.9,0.0,309400,1383,17.83,1.48
"Bibb County, Georgia",22.0,88.9,51254,7.2,0.3,199800,1038,13.93,1.39
"Bulloch County, Georgia",25.6,89.9,54007,7.0,1.3,240200,927,16.14,1.06
"Carroll County, Georgia",14.2,89.9,71891,3.6,0.5,280800,1174,13.38,0.85
"Catoosa County, Georgia",9.4,89.4,70653,4.1,0.0,232000,971,12.63,1.02
"Chatham County, Georgia",14.7,89.0,70904,4.0,0.6,320800,1485,22.92,1.79
"Cherokee County, Georgia",6.4,89.9,103691,3.1,0.1,450800,1857,26.86,1.05
"Clarke County, Georgia",24.7,88.8,54352,4.4,1.8,318700,1281,21.48,1.18
"Clayton County, Georgia",16.7,84.2,58359,6.4,2.1,245900,1440,15.92,4.07
"Cobb County, Georgia",8.4,89.5,99382,3.4,0.7,432000,1740,30.09,0.76
"Columbia County, Georgia",6.8,93.4,96540,4.3,0.1,327700,1339,18.97,0.8
"Coweta County, Georgia",11.1,91.2,92150,2.2,0.1,383000,1546,23.66,1.3
"DeKalb County, Georgia",12.8,88.1,77861,5.3,3.6,368200,1707,25.24,2.46
"Dougherty County, Georgia",26.1,88.2,45769,11.3,0.7,144500,856,7.67,1.31
"Douglas County, Georgia",11.6,89.6,81339,5.3,2.0,328400,1594,18.45,2.01
"Effingham County, Georgia",7.3,90.5,81733,4.9,0.3,282800,1170,16.84,1.35
"Fayette County, Georgia",4.5,94.1,106849,3.6,0.1,462900,1712,28.78,1.34
"Floyd County, Georgia",17.4,90.5,62098,3.4,0.0,221100,993,15.31,3.01
"Forsyth County, Georgia",5.2,90.5,134821,2.1,0.0,587300,2166,31.74,0.87
"Fulton County, Georgia",12.6,91.9,95371,4.4,3.8,477500,1775,32.88,1.28
"Glynn County, Georgia",16.0,87.9,71914,3.5,0.2,337200,1267,20.32,1.6
"Gwinnett County, Georgia",11.7,83.8,83917,4.1,0.4,395500,1847,21.91,1.45
"Hall County, Georgia",10.9,86.2,77891,2.6,0.6,357600,1360,17.09,1.94
"Henry County, Georgia",11.3,91.8,80374,5.3,0.6,334600,1838,20.86,1.03
"Houston County, Georgia",14.0,88.6,75825,7.8,0.1,221200,1179,18.38,0.87
"Jackson County, Georgia",6.3,87.8,84749,2.0,0.7,363200,1111,15.9,2.35
"Liberty County, Georgia",15.7,90.2,58308,10.9,0.2,226200,1236,12.55,1.99
"Lowndes County, Georgia",20.5,88.4,54509,4.8,0.1,221800,1029,16.66,3.22
"Muscogee County, Georgia",21.5,89.8,51835,6.5,1.2,198200,1004,16.69,3.34
"Newton County, Georgia",10.1,91.2,79640,5.7,0.1,295800,1564,14.62,2.6
"Paulding County, Georgia",7.2,93.4,94126,3.5,0.0,354000,1798,17.83,1.06
"Richmond County, Georgia",21.8,86.9,51985,7.6,1.1,197100,1149,14.37,1.15
"Rockdale County, Georgia",11.8,88.9,82339,6.0,0.2,328200,1553,20.84,1.8
"Spalding County, Georgia",13.9,85.2,56169,3.1,0.0,240400,1073,11.33,3.29
"Troup County, Georgia",19.1,89.1,64728,6.6,0.0,241000,1126,14.41,1.82
"Walker County, Georgia",15.2,85.8,58594,3.1,0.0,219800,796,10.74,2.6
"Walton County, Georgia",9.1,89.2,77346,5.9,1.9,357200,1402,15.11,2.22
"Whitfield County, Georgia",17.5,82.7,62824,2.7,0.1,243400,935,11.75,1.33
"Hawaii County, Hawaii",17.5,96.5,74580,4.2,0.8,528800,1492,18.48,2.93
"Honolulu County, Hawaii",9.0,97.0,103131,3.5,5.3,899300,2033,23.3,3.28
"Kauai County, Hawaii",7.6,97.4,103564,3.0,1.9,888500,1816,18.6,3.01
"Maui County, Hawaii",8.8,95.7,83691,3.0,1.4,934500,1828,19.17,3.98
"Ada County, Idaho",8.1,93.4,90526,3.1,0.5,525600,1599,26.94,2.12
"Bannock County, Idaho",10.8,94.3,68495,2.4,1.8,341800,1068,20.06,2.45
"Bonneville County, Idaho",11.6,92.9,73649,1.9,2.8,374800,1182,21.81,3.96
"Canyon County, Idaho",10.3,86.7,72007,3.8,0.0,378600,1366,16.45,2.73
"Kootenai County, Idaho",10.0,91.0,73456,4.0,0.1,556500,1426,19.75,2.39
"Twin Falls County, Idaho",9.3,92.5,66643,2.6,0.0,329000,1142,13.01,3.3
"Champaign County, Illinois",16.3,95.4,59574,3.4,4.1,216100,987,21.3,2.28
"Cook County, Illinois",13.3,92.2,80579,5.6,13.4,313700,1386,24.58,2.66
"DeKalb County, Illinois",12.8,94.1,67697,4.8,1.6,244000,1037,18.76,3.91
"DuPage County, Illinois",6.5,94.8,106961,4.0,4.6,383100,1672,29.51,1.74
"Kane County, Illinois",8.2,92.5,97633,3.8,2.2,324000,1479,23.88,1.05
"Kankakee County, Illinois",9.9,96.0,66788,3.4,1.2,182900,1058,11.54,2.65
"Kendall County, Illinois",5.7,94.3,111349,3.8,1.3,326700,1714,23.19,1.36
"Lake County, Illinois",8.1,94.1,108364,4.5,3.0,340400,1406,25.97,1.53
"LaSalle County, Illinois",11.1,96.8,72737,5.2,0.0,154300,885,13.79,1.72
"McHenry County, Illinois",6.2,95.9,100884,2.9,1.5,308300,1369,22.86,0.92
"McLean County, Illinois",11.4,96.0,77200,2.6,1.1,211000,1013,28.04,1.71
"Macon County, Illinois",15.5,97.3,58297,6.0,0.4,115300,822,13.89,3.37
"Madison County, Illinois",10.7,96.1,73041,3.5,0.3,173300,999,21.53,2.19
"Peoria County, Illinois",17.6,95.1,61488,6.6,0.8,153000,938,20.54,5.35
"Rock Island County, Illinois",15.6,96.4,63087,3.1,2.0,144100,845,14.83,3.33
"St. Clair County, Illinois",12.7,94.8,65546,4.6,1.4,185400,1077,16.13,2.84
"Sangamon County, Illinois",12.0,95.8,72496,4.5,0.7,181700,956,22.81,1.72
"Tazewell County, Illinois",8.7,94.4,72056,3.6,0.4,162000,869,19.3,1.71
"Vermilion County, Illinois",20.9,95.3,46507,7.9,0.0,96100,850,8.66,5.16
"Will County, Illinois",7.1,95.8,103482,3.7,2.3,322200,1527,21.4,1.25
"Williamson County, Illinois",19.1,95.6,60135,4.1,0.0,155900,980,14.06,3.37
"Winnebago County, Illinois",14.9,94.7,65513,5.6,0.4,161400,988,13.28,4.09
"Allen County, Indiana",13.2,91.4,65704,4.3,0.8,226000,957,19.92,1.58
"Bartholomew County, Indiana",10.8,95.3,81832,3.5,0.9,253900,1169,19.8,0.49
"Boone County, Indiana",2.7,96.0,103592,0.8,0.0,369300,1303,26.08,0.89
"Clark County, Indiana",8.8,94.6,71711,3.7,0.1,232400,1109,16.29,1.51
"Delaware County, Indiana",19.7,92.4,55206,3.8,1.5,139700,878,14.51,3.38
"Elkhart County, Indiana",12.8,86.0,67188,2.7,0.3,214000,1079,12.27,0.88
"Floyd County, Indiana",10.0,96.3,80023,2.9,0.2,258700,991,17.77,0.08
"Grant County, Indiana",22.1,94.1,52214,4.3,0.0,121800,734,12.91,3.59
"Hamilton County, Indiana",5.2,96.4,118777,2.4,0.1,419800,1510,38.41,0.89
"Hancock County, Indiana",5.8,93.0,93906,1.8,0.0,288900,1166,22.61,1.94
"Hendricks County, Indiana",5.5,93.7,93440,2.7,0.2,306100,1431,22.23,0.73
"Howard County, Indiana",12.2,95.0,61267,5.0,0.6,169300,949,13.94,2.87
"Johnson County, Indiana",6.2,97.7,92231,2.7,0.6,286900,1249,21.94,0.71
"Kosciusko County, Indiana",9.5,89.7,70140,2.4,0.0,227800,1010,15.68,0.17
"Lake County, Indiana",13.8,94.4,69166,4.8,1.3,236800,1116,16.74,1.73
"LaPorte County, Indiana",15.0,92.0,62868,3.5,0.5,196300,994,14.73,2.16
"Madison County, Indiana",12.1,91.9,62012,4.5,0.4,163200,935,13.18,2.24
"Marion County, Indiana",15.3,91.9,66582,4.3,1.2,238700,1187,22.6,2.0
"Monroe County, Indiana",18.3,96.1,58970,4.7,2.0,301400,1130,22.77,1.29
"Morgan County, Indiana",10.3,96.5,71723,3.9,0.0,262700,951,14.84,1.02
"Porter County, Indiana",9.7,96.1,77410,3.8,0.8,280500,1127,18.62,1.02
"St. Joseph County, Indiana",13.9,91.5,65751,4.9,1.3,195000,1077,19.05,1.08
"Tippecanoe County, Indiana",17.8,95.5,60762,2.8,2.5,246800,1131,21.4,1.39
"Vanderburgh County, Indiana",13.5,94.2,60459,3.8,1.2,187300,938,16.31,2.48
"Vigo County, Indiana",20.8,93.0,47659,6.6,0.5,142800,927,15.3,3.14
"Warrick County, Indiana",10.7,96.6,85260,2.9,0.0,262200,1021,24.75,0.3
"Wayne County, Indiana",19.0,86.9,51798,8.1,0.1,136100,825,11.66,2.47
"Black Hawk County, Iowa",14.2,95.0,59707,3.5,0.1,180100,942,18.9,1.17
"Dallas County, Iowa",7.4,96.6,97895,2.3,0.0,351100,1430,29.78,0.84
"Dubuque County, Iowa",9.2,97.0,71940,2.2,1.4,231700,868,20.93,0.83
"Johnson County, Iowa",16.3,94.6,71563,2.2,5.1,310700,1089,26.87,1.87
"Linn County, Iowa",9.9,96.2,72279,3.2,0.8,222900,942,22.24,1.43
"Polk County, Iowa",11.7,94.2,78979,3.3,0.5,271300,1137,26.0,1.53
"Pottawattamie County, Iowa",12.1,95.5,70640,3.4,1.7,216200,902,13.14,2.22
"Scott County, Iowa",10.2,95.2,76822,3.3,0.2,243000,993,23.66,1.74
"Story County, Iowa",16.8,96.5,68527,3.2,2.8,260600,991,24.18,0.86
"Woodbury County, Iowa",12.7,92.0,64913,2.6,1.7,182900,1025,13.6,2.29
"Butler County, Kansas",8.8,95.0,74566,1.9,0.0,222200,992,19.99,0.76
"Douglas County, Kansas",13.7,92.5,66997,5.2,2.7,305600,1056,22.94,0.95
"Johnson County, Kansas",5.3,95.0,102702,2.3,0.2,387700,1427,34.39,0.62
"Leavenworth County, Kansas",7.0,94.4,81921,2.6,0.0,275500,1175,18.96,2.38
"Riley County, Kansas",19.6,94.5,62623,4.1,0.2,221500,1095,22.24,0.4
"Sedgwick County, Kansas",13.7,89.9,66646,3.6,0.7,209700,974,19.38,1.82
"Shawnee County, Kansas",12.7,91.7,62512,3.8,0.1,183200,962,17.53,1.86
"Wyandotte County, Kansas",16.9,83.2,61766,5.0,1.4,177000,1113,12.15,1.51
"Boone County, Kentucky",7.7,96.3,87550,3.1,0.3,285600,1397,23.69,2.03
"Bullitt County, Kentucky",7.6,97.0,73901,3.7,0.0,260500,907,12.3,0.32
"Campbell County, Kentucky",9.9,94.4,81451,2.9,0.8,268500,1292,21.11,2.3
"Christian County, Kentucky",17.3,90.6,55458,7.6,0.0,175300,1032,12.91,0.88
"Daviess County, Kentucky",18.6,95.0,61922,4.1,0.0,200500,904,12.56,1.88
"Fayette County, Kentucky",16.0,93.4,66392,4.2,1.4,294300,1145,26.62,1.16
"Hardin County, Kentucky",15.8,94.0,63502,4.5,0.0,237200,952,14.32,0.49
"Jefferson County, Kentucky",16.0,94.4,64542,4.5,1.8,250800,1123,20.86,2.36
"Kenton County, Kentucky",10.3,96.2,79392,3.1,1.0,251500,1083,22.25,1.88
"McCracken County, Kentucky",15.6,95.4,60720,1.3,0.5,179600,764,14.83,0.71
"Madison County, Kentucky",13.0,94.0,65502,3.5,0.0,253100,804,19.94,2.94
"Oldham County, Kentucky",6.6,98.2,119553,2.4,0.1,387500,1032,25.96,1.55
"Pulaski County, Kentucky",15.7,93.1,55667,4.2,0.0,189500,850,6.91,2.18
"Warren County, Kentucky",13.7,93.5,61067,3.9,0.5,268700,972,19.15,1.08
"Ascension Parish, Louisiana",10.2,93.8,90190,3.7,0.4,279900,1176,16.11,1.12
"Bossier Parish, Louisiana",14.2,91.9,71365,4.1,0.4,211500,1163,12.85,0.54
"Caddo Parish, Louisiana",23.4,92.9,50375,5.7,0.9,170500,996,16.9,1.36
"Calcasieu Parish, Louisiana",18.1,93.8,63890,3.4,0.0,221500,1081,16.06,0.72
"East Baton Rouge Parish, Louisiana",20.2,93.5,59443,6.0,1.5,253300,1131,20.86,1.02
"Iberia Parish, Louisiana",21.7,93.6,53352,7.8,0.9,147500,836,10.34,1.49
"Jefferson Parish, Louisiana",17.0,90.1,61085,5.2,0.7,259100,1135,16.56,1.5
"Lafayette Parish, Louisiana",17.5,91.0,63116,3.3,0.5,244400,972,22.97,0.58
"Lafourche Parish, Louisiana",22.3,95.1,55926,2.8,0.2,195200,1088,14.79,1.35
"Livingston Parish, Louisiana",15.7,93.1,72725,3.0,0.2,223600,1003,12.0,1.79
"Orleans Parish, Louisiana",22.6,93.9,55580,5.3,4.4,306400,1203,22.19,0.73
"Ouachita Parish, Louisiana",21.5,92.4,52695,7.0,0.2,195300,940,18.83,2.25
"Rapides Parish, Louisiana",20.4,90.7,51301,4.5,1.0,170900,929,12.23,0.98
"St. Landry Parish, Louisiana",22.7,94.3,41393,2.8,0.8,114100,658,8.15,0.68
"St. Tammany Parish, Louisiana",13.0,94.3,76420,4.6,0.1,286500,1259,22.74,1.06
"Tangipahoa Parish, Louisiana",18.4,93.4,54417,5.9,0.0,218300,987,12.72,0.62
"Terrebonne Parish, Louisiana",13.8,91.1,64084,2.5,0.1,185300,1043,12.88,1.66
"Androscoggin County, Maine",14.0,93.4,63404,4.1,0.2,263000,997,15.6,6.99
"Aroostook County, Maine",10.4,93.0,57030,3.1,0.0,154400,859,19.6,4.41
"Cumberland County, Maine",6.3,96.0,98369,2.2,1.9,470600,1609,32.82,1.57
"Kennebec County, Maine",12.2,94.1,64083,4.9,0.3,253200,1055,18.52,2.88
"Penobscot County, Maine",13.2,94.1,66333,2.5,0.7,228600,1105,16.13,3.84
"York County, Maine",7.8,95.4,86430,2.9,0.9,422600,1473,24.44,1.55
"Allegany County, Maryland",19.8,95.9,54384,4.7,0.4,146900,841,10.38,1.93
"Anne Arundel County, Maryland",5.7,95.2,117650,3.4,1.4,460600,1998,22.82,0.94
"Baltimore County, Maryland",9.7,94.9,87056,3.9,3.0,345900,1597,21.68,1.62
"Calvert County, Maryland",2.6,97.0,126358,2.9,1.3,473400,1760,19.93,1.86
"Carroll County, Maryland",6.8,97.4,114974,2.5,0.4,433300,1529,23.7,1.29
"Cecil County, Maryland",10.3,98.1,90762,3.4,0.5,327500,1196,15.7,5.34
"Charles County, Maryland",7.8,93.4,105087,5.8,2.4,410000,1815,16.48,1.65
"Frederick County, Maryland",6.4,95.3,114360,1.9,1.3,462500,1719,24.07,1.84
"Harford County, Maryland",7.2,95.8,105029,4.5,0.7,388400,1451,22.28,1.37
"Howard County, Maryland",5.0,95.3,141159,2.7,1.5,603400,2053,30.08,0.5
"Montgomery County, Maryland",7.0,93.0,125371,3.9,9.7,636200,1984,26.37,1.66
"Prince George's County, Maryland",11.0,88.8,98027,5.3,8.9,422300,1722,19.23,1.63
"St. Mary's County, Maryland",8.3,96.6,102282,2.7,0.4,403900,1682,19.52,6.7
"Washington County, Maryland",11.1,92.6,71848,3.6,0.2,283700,1135,13.16,3.4
"Wicomico County, Maryland",17.1,93.6,73834,3.1,0.0,257300,1311,16.81,2.44
"Baltimore city, Maryland",20.2,94.1,59579,5.1,10.5,241900,1239,19.04,5.39
"Barnstable County, Massachusetts",8.5,97.3,89893,3.2,1.1,634700,1604,25.05,2.38
"Berkshire County, Massachusetts",12.3,98.2,77498,4.9,2.5,298200,1074,21.18,2.6
"Bristol County, Massachusetts",13.0,96.8,81148,4.5,2.1,459700,1269,18.37,4.42
"Essex County, Massachusetts",9.4,96.9,96874,4.1,4.0,624700,1726,23.67,4.37
"Franklin County, Massachusetts",12.0,97.7,71296,5.2,0.6,329300,1164,22.9,1.8
"Hampden County, Massachusetts",17.8,96.6,66997,3.9,1.4,302100,1136,16.51,5.86
"Hampshire County, Massachusetts",12.3,98.4,79969,4.1,3.2,380800,1355,18.58,3.22
"Middlesex County, Massachusetts",7.7,98.1,123705,3.4,8.6,716100,2193,28.05,2.59
"Norfolk County, Massachusetts",7.8,98.3,123903,4.1,8.5,686500,2081,31.09,2.28
"Plymouth County, Massachusetts",7.7,97.4,108742,4.4,3.9,568500,1762,24.7,4.2
"Suffolk County, Massachusetts",15.0,96.6,93360,4.2,24.6,683900,2114,27.22,4.0
"Worcester County, Massachusetts",11.0,97.3,94099,4.0,1.6,433900,1449,23.09,3.09
"Allegan County, Michigan",10.1,95.3,78779,2.1,0.3,264800,1098,19.78,1.76
"Bay County, Michigan",12.5,96.3,58675,4.5,0.2,156200,811,13.45,3.5
"Berrien County, Michigan",12.9,92.7,62460,4.3,0.3,237900,936,17.39,2.5
"Calhoun County, Michigan",13.2,94.3,57514,6.4,0.3,163500,906,13.35,2.34
"Clinton County, Michigan",6.7,98.5,92503,1.9,0.2,276500,1040,24.8,1.31
"Eaton County, Michigan",10.5,96.6,71686,3.1,1.4,226200,997,18.6,1.92
"Genesee County, Michigan",18.0,95.3,60027,6.9,1.3,181600,928,14.23,2.35
"Grand Traverse County, Michigan",5.8,96.5,83650,2.9,0.2,343200,1357,23.28,2.12
"Ingham County, Michigan",15.9,96.4,62998,5.9,2.1,190900,1055,19.94,3.05
"Ionia County, Michigan",14.1,96.2,69951,4.3,0.4,221500,816,14.64,2.2
"Jackson County, Michigan",13.6,97.1,63338,4.6,0.1,203700,964,14.9,3.98
"Kalamazoo County, Michigan",12.9,96.0,67191,2.9,0.7,251200,1058,23.09,1.53
"Kent County, Michigan",10.3,95.5,79756,3.4,1.7,297400,1270,26.33,1.62
"Lapeer County, Michigan",9.2,94.5,68556,4.3,0.9,234000,988,13.24,2.39
"Lenawee County, Michigan",9.9,94.9,63952,2.9,0.0,198200,922,14.49,2.74
"Livingston County, Michigan",5.4,97.6,102508,2.0,0.1,347800,1231,24.22,1.14
"Macomb County, Michigan",10.5,95.5,73807,3.7,0.5,246600,1229,17.7,2.08
"Marquette County, Michigan",15.6,96.3,62115,4.3,0.1,227800,842,21.66,1.97
"Midland County, Michigan",13.5,96.9,73074,4.2,0.5,195900,894,20.31,1.88
"Monroe County, Michigan",12.7,96.9,71506,1.9,0.2,245000,983,15.1,1.37
"Montcalm County, Michigan",11.7,93.5,65331,2.5,0.0,200500,924,10.1,2.46
"Muskegon County, Michigan",13.7,95.5,61189,4.8,0.1,208700,1003,13.68,4.83
"Oakland County, Michigan",8.1,96.4,92015,3.8,0.3,338000,1349,28.3,1.65
"Ottawa County, Michigan",9.9,96.5,81513,2.4,0.7,328400,1149,22.81,1.63
"Saginaw County, Michigan",15.5,96.5,59265,6.2,0.1,146400,917,13.02,3.67
"St. Clair County, Michigan",11.6,96.1,68513,5.4,1.2,232300,914,11.91,2.44
"Shiawassee County, Michigan",12.9,95.9,62093,4.4,0.0,182600,951,13.21,2.81
"Van Buren County, Michigan",15.6,92.5,66424,3.7,0.5,213200,758,15.28,2.68
"Washtenaw County, Michigan",15.3,97.1,83754,3.3,4.2,360400,1451,26.26,2.39
"Wayne County, Michigan",20.5,94.6,57281,7.0,1.7,177300,1095,16.11,3.34
"Anoka County, Minnesota",6.2,96.5,96812,3.1,1.0,349400,1294,22.66,3.02
"Blue Earth County, Minnesota",15.6,93.2,66249,3.7,2.4,276300,1055,22.09,2.49
"Carver County, Minnesota",4.8,98.2,129581,1.9,1.0,456700,1583,35.25,1.21
"Clay County, Minnesota",14.4,97.4,70942,3.9,0.8,267600,1111,25.92,3.43
"Crow Wing County, Minnesota",8.5,94.8,76050,4.2,0.0,332400,1034,19.92,4.79
"Dakota County, Minnesota",5.8,95.7,99830,2.7,1.0,383600,1585,29.38,1.83
"Hennepin County, Minnesota",10.1,96.1,93668,3.3,3.5,386600,1445,33.07,3.36
"Olmsted County, Minnesota",7.9,97.8,87856,3.0,3.3,335000,1401,27.77,1.63
"Ramsey County, Minnesota",11.6,95.1,77812,3.3,3.5,319600,1367,26.74,3.65
"Rice County, Minnesota",11.3,95.3,81455,2.0,0.4,302100,1028,13.93,2.35
"St. Louis County, Minnesota",13.3,96.6,67269,3.0,1.8,236700,1004,20.38,3.99
"Scott County, Minnesota",5.7,97.2,106181,2.6,0.4,394700,1434,26.01,1.0
"Sherburne County, Minnesota",4.4,96.2,101214,1.6,0.3,366300,1105,20.85,1.1
"Stearns County, Minnesota",11.2,94.9,74709,3.3,1.0,288500,1129,19.48,2.68
"Washington County, Minnesota",4.8,97.9,110729,2.7,0.6,415100,1668,31.19,1.31
"Wright County, Minnesota",5.2,97.0,104269,1.4,0.4,355200,1272,23.53,1.13
"DeSoto County, Mississippi",9.2,90.9,81486,2.3,0.1,275400,1381,17.16,1.19
"Forrest County, Mississippi",17.3,86.7,52157,3.0,0.0,169400,1006,18.84,3.03
"Harrison County, Mississippi",15.6,88.2,56159,5.1,0.4,213900,1054,16.97,2.05
"Hinds County, Mississippi",20.4,88.6,50904,6.4,0.3,164200,992,17.11,1.66
"Jackson County, Mississippi",12.4,89.4,67472,7.4,0.0,198000,1021,17.38,0.62
"Jones County, Mississippi",19.1,84.2,48503,2.2,0.0,160000,749,13.67,1.35
"Lamar County, Mississippi",14.7,89.9,59716,2.8,0.0,232100,1041,20.46,1.63
"Lauderdale County, Mississippi",25.6,90.2,50542,7.6,0.0,145600,840,11.31,0.82
"Lee County, Mississippi",12.5,91.5,68233,4.2,0.0,196200,877,16.21,1.92
"Madison County, Mississippi",8.4,92.1,78784,3.0,0.0,341500,1288,27.87,0.55
"Rankin County, Mississippi",9.3,93.5,69208,3.6,0.4,240400,1184,18.79,0.24
"Boone County, Missouri",15.5,94.6,69218,3.0,1.3,272400,1100,23.76,0.77
"Buchanan County, Missouri",15.4,91.2,60950,2.6,0.5,166500,889,12.31,1.55
"Cape Girardeau County, Missouri",12.8,92.7,68094,1.9,0.2,223300,895,18.79,0.86
"Cass County, Missouri",6.0,94.3,84774,3.9,0.0,294400,1194,19.81,1.51
"Christian County, Missouri",6.3,94.3,80781,3.8,0.4,310800,1024,20.81,1.12
"Clay County, Missouri",8.2,93.9,84378,2.5,0.0,283200,1245,23.42,1.58
"Cole County, Missouri",7.6,94.9,74415,3.8,0.1,228700,754,23.42,1.26
"Franklin County, Missouri",10.2,92.4,68440,4.1,0.0,229900,895,18.12,0.92
"Greene County, Missouri",14.5,91.8,59499,2.5,0.5,231400,1000,17.27,1.86
"Jackson County, Missouri",11.7,90.4,66055,3.4,1.1,228100,1197,21.61,2.4
"Jasper County, Missouri",16.3,88.5,54109,3.7,0.1,177100,915,16.63,1.5
"Jefferson County, Missouri",9.7,94.7,81843,3.3,0.3,235100,882,16.99,1.8
"Platte County, Missouri",6.2,95.5,93091,2.5,0.8,356500,1287,30.92,2.22
"St. Charles County, Missouri",5.5,96.1,98390,2.2,0.2,325600,1420,25.06,0.56
"St. Francois County, Missouri",14.7,94.0,55042,5.2,0.0,181100,803,10.98,1.3
"St. Louis County, Missouri",9.7,94.7,81441,4.1,1.2,272400,1204,26.81,1.02
"St. Louis city, Missouri",19.6,94.4,56245,4.7,4.9,192800,1011,24.58,1.74
"Cascade County, Montana",11.5,94.2,66454,2.2,0.1,286500,959,18.79,2.36
"Flathead County, Montana",9.7,89.8,74274,2.1,0.1,570800,1275,23.07,0.64
"Gallatin County, Montana",9.6,92.9,91158,2.4,0.7,691200,1790,27.82,0.82
"Lewis and Clark County, Montana",8.7,91.0,77405,2.0,0.1,379500,1078,23.42,1.27
"Missoula County, Montana",11.3,93.4,73429,2.3,1.1,488300,1172,24.94,2.65
"Yellowstone County, Montana",9.4,91.0,68914,3.1,0.6,358700,999,19.74,1.41
"Douglas County, Nebraska",12.0,92.8,77457,2.9,0.5,274700,1178,25.73,1.99
"Lancaster County, Nebraska",11.2,95.1,70637,2.9,1.0,277700,1024,26.3,1.8
"Sarpy County, Nebraska",4.7,96.0,101932,2.0,0.3,322400,1385,24.13,1.27
"Clark County, Nevada",12.7,88.4,75065,4.9,2.4,437900,1654,17.76,3.0
"Washoe County, Nevada",9.7,91.3,84183,3.7,1.0,545100,1627,21.39,1.94
"Belknap County, New Hampshire",8.2,95.4,97692,1.0,0.5,411900,1037,19.49,1.61
"Cheshire County, New Hampshire",8.3,94.8,89314,2.6,0.5,328200,1259,21.11,1.54
"Grafton County, New Hampshire",9.5,95.1,82059,3.4,0.5,354800,1366,21.41,2.13
"Hillsborough County, New Hampshire",5.8,95.0,103727,2.1,0.9,430300,1668,25.46,1.71
"Merrimack County, New Hampshire",7.7,97.1,92110,2.6,0.2,372200,1398,22.24,2.3
"Rockingham County, New Hampshire",5.4,96.0,109770,3.0,0.8,518600,1664,27.02,1.36
"Strafford County, New Hampshire",9.7,95.0,84869,3.3,0.9,379800,1505,22.3,1.34
"Atlantic County, New Jersey",11.7,93.3,77053,6.4,5.5,303800,1307,21.17,1.62
"Bergen County, New Jersey",6.6,94.5,116709,4.1,13.2,615300,1870,32.0,1.64
"Burlington County, New Jersey",6.8,96.4,102532,4.1,1.9,358000,1671,25.64,1.63
"Camden County, New Jersey",12.5,93.9,83763,4.8,4.7,294900,1328,22.02,2.85
"Cape May County, New Jersey",8.2,97.1,84364,4.7,2.0,474800,1440,23.81,1.0
"Cumberland County, New Jersey",17.5,88.1,64908,6.2,1.6,220500,1196,11.89,3.93
"Essex County, New Jersey",14.2,88.8,80463,6.8,18.6,522800,1477,22.21,3.51
"Gloucester County, New Jersey",8.9,96.4,97474,4.1,0.9,317900,1582,22.58,1.6
"Hudson County, New Jersey",15.5,89.8,89272,4.4,36.6,531900,1816,29.92,2.84
"Hunterdon County, New Jersey",4.9,97.5,137275,3.3,1.2,506000,1573,34.83,0.44
"Mercer County, New Jersey",10.8,90.3,96152,5.9,5.8,390900,1466,22.18,1.79
"Middlesex County, New Jersey",8.7,91.9,105055,5.4,6.5,475200,1823,25.28,1.74
"Monmouth County, New Jersey",6.4,95.0,118008,4.1,6.1,628000,1752,30.83,1.39
"Morris County, New Jersey",4.6,96.0,134579,3.8,4.1,577700,1923,33.44,1.55
"Ocean County, New Jersey",10.3,96.0,85464,3.5,0.7,408000,1692,21.48,0.99
"Passaic County, New Jersey",14.1,88.2,82825,4.6,7.1,465700,1551,19.36,2.17
"Salem County, New Jersey",8.8,94.7,87294,4.3,0.8,249500,1318,17.77,3.58
"Somerset County, New Jersey",5.3,95.7,142092,3.8,4.6,556600,1970,30.46,1.11
"Sussex County, New Jersey",4.9,96.8,110785,3.7,1.6,367500,1397,26.08,1.5
"Union County, New Jersey",8.5,87.8,101146,5.4,11.7,522500,1744,21.4,3.17
"Warren County, New Jersey",9.2,95.6,100532,3.9,1.7,350500,1440,25.39,2.16
"Bernalillo County, New Mexico",13.9,91.9,68372,4.4,1.2,303400,1206,19.46,3.73
"Doña Ana County, New Mexico",20.7,89.6,56451,5.6,0.6,228000,933,17.74,3.47
"Lea County, New Mexico",18.0,84.2,55736,2.1,0.0,197200,1173,9.08,2.72
"McKinley County, New Mexico",38.2,81.1,40108,10.9,0.2,71000,768,6.37,1.61
"Otero County, New Mexico",20.8,89.1,50762,5.0,0.1,154200,965,12.6,5.32
"Sandoval County, New Mexico",13.1,94.8,82026,4.5,0.5,324100,1464,19.14,1.63
"San Juan County, New Mexico",21.1,88.3,57324,6.1,0.2,201700,965,11.95,2.67
"Santa Fe County, New Mexico",12.4,89.7,78731,4.7,0.6,485300,1254,20.83,2.28
"Valencia County, New Mexico",18.9,91.5,54665,5.3,0.0,232700,1021,12.57,2.06
"Albany County, New York",13.2,96.9,81335,4.4,4.2,291300,1313,22.92,2.11
"Bronx County, New York",27.9,93.3,46838,9.3,52.5,498200,1352,14.49,10.55
"Broome County, New York",17.2,96.4,63876,4.9,2.7,155100,935,18.13,3.16
"Cattaraugus County, New York",20.6,94.6,54250,5.0,0.2,105500,715,11.56,4.34
"Cayuga County, New York",13.5,95.7,66166,2.9,0.2,161700,925,13.23,4.18
"Chautauqua County, New York",16.9,94.3,55234,6.2,0.3,124600,797,11.92,3.15
"Chemung County, New York",18.1,96.0,59617,5.6,2.4,139600,1013,16.0,3.17
"Clinton County, New York",13.9,97.4,62717,1.8,0.2,173000,948,14.22,2.68
"Dutchess County, New York",7.2,95.9,96824,4.1,3.7,395400,1574,20.22,2.05
"Erie County, New York",14.1,97.0,70492,3.4,2.8,241900,1067,20.68,3.02
"Jefferson County, New York",12.7,93.4,61512,4.6,0.2,184200,1227,13.14,3.31
"Kings County, New York",19.0,95.0,76912,5.8,51.8,880300,1762,25.19,4.86
"Madison County, New York",10.9,94.7,74125,4.1,0.3,180600,869,14.48,2.18
"Monroe County, New York",13.2,97.0,73211,4.3,2.0,217300,1163,22.56,3.69
"Nassau County, New York",5.4,96.1,141568,4.0,14.0,674200,2228,26.12,1.69
"New York County, New York",16.5,96.0,101078,7.0,49.2,1010800,2169,34.07,3.57
"Niagara County, New York",14.4,95.9,65875,4.4,1.0,189700,985,15.21,2.46
"Oneida County, New York",16.1,96.7,61118,4.4,0.1,188300,913,15.49,3.16
"Onondaga County, New York",13.8,97.2,74704,3.7,1.8,202400,1095,21.87,3.29
"Ontario County, New York",7.6,96.5,79450,2.5,0.7,228000,1210,21.25,2.9
"Orange County, New York",13.0,95.0,94364,5.1,3.9,391800,1642,17.66,2.41
"Oswego County, New York",14.9,94.9,70076,5.6,0.7,153500,957,13.63,4.45
"Putnam County, New York",8.8,96.5,122777,2.6,5.4,482300,1833,25.59,0.65
"Queens County, New York",13.7,92.2,81929,5.0,44.6,692500,1877,22.16,4.71
"Rensselaer County, New York",13.1,95.6,84278,4.6,2.0,257600,1242,19.55,2.02
"Richmond County, New York",13.2,96.0,95543,4.6,24.8,672400,1688,22.13,3.91
"Rockland County, New York",16.4,94.6,106589,3.1,7.4,600500,1868,22.26,1.42
"St. Lawrence County, New York",20.4,96.1,56872,3.0,1.3,130200,789,12.83,5.46
"Saratoga County, New York",7.2,97.5,94330,2.4,0.5,348800,1362,24.49,1.49
"Schenectady County, New York",15.0,98.1,74969,4.5,1.9,242700,1240,17.99,2.24
"Steuben County, New York",14.5,96.3,64238,4.0,0.4,137000,838,13.2,2.0
"Suffolk County, New York",6.8,95.4,124045,3.6,6.1,584800,2045,21.32,2.48
"Sullivan County, New York",12.8,95.5,69453,3.7,1.9,273800,1028,15.7,1.95
"Tompkins County, New York",15.9,94.3,67247,4.7,7.9,263100,1383,22.93,2.14
"Ulster County, New York",12.6,92.9,85878,4.7,2.5,373400,1363,21.27,2.24
"Warren County, New York",10.1,96.9,73802,2.5,0.7,265300,1051,21.45,2.03
"Wayne County, New York",11.4,94.5,73065,2.0,0.1,173600,996,15.67,4.34
"Westchester County, New York",9.2,95.2,114457,5.3,18.6,645700,1873,26.81,2.68
"Alamance County, North Carolina",12.1,90.9,65633,4.5,0.1,265200,1033,18.44,3.73
"Brunswick County, North Carolina",10.5,93.5,76221,4.9,1.0,360100,1373,21.83,0.78
"Buncombe County, North Carolina",13.4,89.6,71525,3.1,0.3,426000,1368,27.09,1.26
"Burke County, North Carolina",17.7,88.7,53739,4.0,0.1,212500,786,14.33,0.43
"Cabarrus County, North Carolina",9.4,93.3,85810,4.1,0.5,374400,1484,21.01,1.5
"Caldwell County, North Carolina",12.9,87.5,55766,2.3,0.0,205400,764,11.49,1.37
"Carteret County, North Carolina",9.8,94.0,78256,2.9,0.0,343000,1144,23.52,1.63
"Catawba County, North Carolina",11.9,90.0,64214,2.2,0.1,257100,947,17.38,0.76
"Chatham County, North Carolina",8.1,91.7,97219,3.3,0.3,442800,1100,24.43,0.92
"Cleveland County, North Carolina",17.6,93.7,62186,3.1,0.0,228300,880,17.81,2.17
"Craven County, North Carolina",17.6,91.6,59399,6.5,0.0,229500,1039,15.62,1.64
"Cumberland County, North Carolina",15.1,91.7,61643,6.5,0.3,214600,1228,16.28,2.95
"Davidson County, North Carolina",15.1,91.1,63189,4.0,0.0,232100,836,15.08,2.01
"Durham County, North Carolina",9.8,89.2,81545,3.1,1.8,419200,1587,30.44,0.76
"Forsyth County, North Carolina",15.2,89.7,65062,4.8,0.9,267800,1104,25.11,1.72
"Franklin County, North Carolina",10.1,92.4,70548,2.9,0.6,290600,1065,16.13,0.55
"Gaston County, North Carolina",13.5,89.3,66906,3.1,0.4,284400,1221,18.74,1.57
"Guilford County, North Carolina",15.0,92.0,65413,3.5,1.0,270000,1165,21.01,2.27
"Harnett County, North Carolina",14.1,90.0,70664,5.2,0.0,285300,1095,17.12,1.59
"Henderson County, North Carolina",10.4,87.9,61974,2.5,0.0,372000,1186,22.27,2.39
"Iredell County, North Carolina",9.1,90.7,85298,3.1,0.0,356100,1238,22.74,1.54
"Johnston County, North Carolina",10.9,89.6,79592,4.1,0.0,324500,1307,20.86,1.17
"Lee County, North Carolina",17.3,88.6,60140,3.7,0.0,241200,864,14.84,2.7
"Lincoln County, North Carolina",12.5,91.8,77776,2.0,0.0,350700,1082,20.75,1.87
"Mecklenburg County, North Carolina",10.0,88.6,84593,3.4,1.7,441900,1660,31.29,1.16
"Moore County, North Carolina",10.7,93.7,78057,3.5,0.4,369100,1342,25.52,1.02
"Nash County, North Carolina",12.6,88.3,66121,3.3,0.1,210800,937,14.44,1.01
"New Hanover County, North Carolina",12.0,91.0,79547,3.8,0.3,394100,1466,29.49,1.39
"Onslow County, North Carolina",11.5,92.7,67597,4.6,0.0,253100,1261,12.67,1.82
"Orange County, North Carolina",11.6,92.5,86381,2.8,4.4,470300,1425,25.31,0.59
"Pender County, North Carolina",11.2,91.2,71487,5.4,0.1,315700,1070,20.71,1.96
"Pitt County, North Carolina",20.2,91.0,59946,7.8,0.7,224100,1042,17.61,0.75
"Randolph County, North Carolina",17.3,90.6,56310,5.1,0.0,215200,964,12.92,4.69
"Robeson County, North Carolina",28.1,87.1,40996,4.7,0.2,87100,786,8.84,0.36
"Rockingham County, North Carolina",12.2,91.3,59434,6.3,0.0,174900,790,11.92,3.19
"Rowan County, North Carolina",15.2,92.2,65904,5.1,0.0,273700,974,15.58,0.72
"Rutherford County, North Carolina",13.8,88.6,47557,5.8,0.1,207900,794,12.75,0.29
"Stanly County, North Carolina",9.6,94.5,65456,2.5,0.4,235800,856,15.21,1.58
"Surry County, North Carolina",13.1,90.5,58291,4.3,0.3,181800,697,14.64,4.95
"Union County, North Carolina",8.8,92.9,98215,3.2,0.3,446600,1559,24.71,0.93
"Wake County, North Carolina",7.1,93.3,102918,3.4,0.7,482100,1652,33.59,0.79
"Wayne County, North Carolina",17.5,87.3,55461,8.0,0.5,181800,931,14.02,1.1
"Wilkes County, North Carolina",17.3,89.3,47022,5.3,0.1,182600,655,12.06,0.65
"Wilson County, North Carolina",19.8,88.5,51247,6.4,0.0,212200,1005,12.02,2.59
"Burleigh County, North Dakota",7.5,96.4,85172,2.3,0.0,309500,926,26.67,1.28
"Cass County, North Dakota",9.9,96.3,73742,3.6,0.2,293700,968,26.38,1.02
"Grand Forks County, North Dakota",13.3,97.6,72536,3.2,0.1,257400,949,18.27,1.9
"Ward County, North Dakota",4.1,93.6,72370,1.6,0.6,251800,1010,20.29,1.6
"Allen County, Ohio",13.7,94.5,66891,5.2,0.3,179800,941,11.9,1.25
"Ashtabula County, Ohio",19.3,93.2,57577,4.2,0.5,161600,721,11.15,2.64
"Belmont County, Ohio",15.0,95.0,56361,4.4,0.0,151500,743,13.48,2.65
"Butler County, Ohio",11.9,94.3,80135,3.4,0.5,275100,1139,18.22,1.95
"Clark County, Ohio",15.3,94.2,57910,5.6,0.5,173800,785,10.87,2.41
"Clermont County, Ohio",8.7,94.5,81173,2.5,0.3,279700,1076,19.21,2.4
"Columbiana County, Ohio",16.0,93.3,53455,4.0,0.4,163700,756,10.58,1.92
"Cuyahoga County, Ohio",15.7,94.5,61862,5.8,3.3,197900,1053,20.46,2.19
"Delaware County, Ohio",5.5,96.1,126513,2.5,0.2,460600,1494,32.24,0.46
"Erie County, Ohio",12.6,97.1,61648,3.5,1.4,197000,895,18.49,1.6
"Fairfield County, Ohio",8.0,95.0,84759,2.4,0.3,314800,1146,18.15,1.81
"Franklin County, Ohio",15.0,91.2,71680,3.9,1.8,301000,1287,25.14,1.41
"Geauga County, Ohio",6.2,88.6,99305,3.1,0.2,318800,904,21.55,1.28
"Greene County, Ohio",9.7,94.7,83866,2.7,0.7,265500,1204,20.63,1.1
"Hamilton County, Ohio",13.3,94.5,68519,4.3,2.5,250500,1053,24.2,1.7
"Hancock County, Ohio",11.3,97.1,70736,1.8,0.3,208500,989,19.86,0.31
"Lake County, Ohio",11.1,95.9,72620,3.6,0.6,217600,1085,20.79,1.71
"Licking County, Ohio",9.5,94.5,75976,3.3,0.2,277400,1048,17.45,1.15
"Lorain County, Ohio",10.6,95.6,75461,3.6,0.1,223800,930,16.79,2.17
"Lucas County, Ohio",18.2,94.8,60426,5.8,1.3,168400,934,16.37,3.63
"Mahoning County, Ohio",19.8,94.7,51738,4.3,1.3,154300,813,15.61,2.07
"Marion County, Ohio",16.9,94.8,53995,5.3,0.8,153800,814,6.91,3.71
"Medina County, Ohio",9.1,95.6,89647,2.9,0.2,284800,1128,22.46,1.01
"Miami County, Ohio",10.5,95.5,75366,4.7,0.6,255500,884,16.64,3.37
"Montgomery County, Ohio",15.2,93.6,62450,5.1,0.9,184100,1014,18.0,1.72
"Muskingum County, Ohio",19.5,94.4,56654,4.9,0.0,184900,840,12.78,2.79
"Portage County, Ohio",13.6,96.0,73220,2.8,1.6,229800,1085,18.91,1.11
"Richland County, Ohio",14.0,92.7,56664,6.4,1.1,176800,808,11.82,2.93
"Ross County, Ohio",18.1,93.6,60666,3.8,0.2,177200,865,12.93,0.5
"Scioto County, Ohio",17.2,96.6,52159,6.5,0.1,163400,805,11.68,3.61
"Stark County, Ohio",12.1,94.9,63145,3.1,0.9,188500,891,16.95,2.02
"Summit County, Ohio",12.7,95.0,69577,4.6,0.9,210500,1007,22.91,2.37
"Trumbull County, Ohio",17.6,92.6,51016,3.6,0.5,142900,761,13.33,3.15
"Tuscarawas County, Ohio",15.8,91.3,60604,3.1,0.0,185500,850,11.95,1.92
"Union County, Ohio",5.0,96.8,101968,0.5,1.4,358900,1247,21.41,2.47
"Warren County, Ohio",5.9,95.2,107541,3.1,0.2,364700,1453,27.22,0.77
"Wayne County, Ohio",8.3,87.7,69101,2.3,0.1,218900,886,15.55,1.47
"Wood County, Ohio",9.8,96.4,72947,3.4,0.3,229400,929,19.57,1.03
"Canadian County, Oklahoma",7.8,91.1,86061,2.8,0.0,260400,1329,21.35,1.45
"Cleveland County, Oklahoma",13.3,91.5,74495,3.7,0.3,245700,1149,18.02,1.9
"Comanche County, Oklahoma",20.0,91.2,56706,7.8,0.4,160900,991,14.71,2.43
"Creek County, Oklahoma",16.0,90.3,55857,3.1,0.0,189400,882,12.13,1.81
"Muskogee County, Oklahoma",21.1,88.8,52484,5.9,0.5,157300,800,10.69,7.54
"Oklahoma County, Oklahoma",16.0,87.7,65948,5.2,0.4,242700,1143,22.54,2.8
"Payne County, Oklahoma",23.9,90.4,56371,3.7,0.6,227300,953,21.16,2.11
"Pottawatomie County, Oklahoma",17.3,88.0,56579,2.7,0.0,175000,832,13.05,3.78
"Rogers County, Oklahoma",9.2,90.5,70200,3.4,0.2,247500,1053,17.5,1.25
"Tulsa County, Oklahoma",15.2,87.7,65479,4.9,0.5,238600,1108,21.0,2.23
"Wagoner County, Oklahoma",10.6,90.1,80372,3.9,0.1,240100,1088,16.3,1.58
"Benton County, Oregon",18.4,96.8,73047,5.5,1.4,538100,1368,25.73,2.63
"Clackamas County, Oregon",6.6,95.7,100675,2.6,1.1,605400,1749,24.65,2.71
"Deschutes County, Oregon",8.6,95.3,97163,3.2,0.3,662700,1806,29.34,2.35
"Douglas County, Oregon",16.3,95.2,60889,4.0,1.6,326900,1038,11.37,4.31
"Jackson County, Oregon",12.2,94.0,71666,4.3,0.7,431500,1419,17.3,2.01
"Josephine County, Oregon",13.9,94.1,64170,6.2,0.7,399400,1166,13.0,4.91
"Klamath County, Oregon",20.7,95.8,52547,7.0,0.0,271700,987,11.67,3.51
"Lane County, Oregon",14.7,94.8,70374,5.6,1.7,438200,1373,18.3,3.47
"Linn County, Oregon",15.7,94.6,70548,3.8,0.0,398300,1359,15.53,2.8
"Marion County, Oregon",14.3,90.3,73417,4.6,1.4,429400,1416,17.78,3.01
"Multnomah County, Oregon",12.9,95.3,83583,3.8,5.7,543700,1543,29.79,3.5
"Polk County, Oregon",12.8,95.3,80328,7.2,0.5,466500,1201,17.86,4.18
"Umatilla County, Oregon",18.9,91.2,60582,2.8,0.8,299200,963,12.46,2.86
"Washington County, Oregon",8.0,95.1,103713,3.6,3.0,589000,1818,28.78,3.18
"Yamhill County, Oregon",10.6,94.1,89160,6.1,0.2,471900,1421,20.79,2.88
"Adams County, Pennsylvania",9.9,94.3,76725,3.1,0.3,275300,1061,13.37,2.14
"Allegheny County, Pennsylvania",11.7,96.4,76615,3.9,6.3,232300,1154,26.11,2.26
"Armstrong County, Pennsylvania",11.0,96.3,61836,2.9,0.0,157800,724,13.34,4.0
"Beaver County, Pennsylvania",9.7,96.5,66768,3.0,0.6,191100,840,20.26,3.61
"Berks County, Pennsylvania",12.3,92.4,75675,5.0,1.3,261200,1219,16.09,2.87
"Blair County, Pennsylvania",14.7,94.0,54002,3.4,1.3,157000,837,13.94,3.0
"Bucks County, Pennsylvania",6.7,96.9,107221,3.5,2.4,450900,1612,25.52,2.46
"Butler County, Pennsylvania",9.5,96.8,80379,4.1,0.2,296300,1060,22.38,2.61
"Cambria County, Pennsylvania",12.5,97.0,55748,3.8,0.7,121800,725,13.97,4.01
"Carbon County, Pennsylvania",12.5,94.5,64229,6.1,0.6,207900,1074,10.13,2.56
"Centre County, Pennsylvania",18.7,95.1,69101,3.6,3.1,322900,1198,18.96,1.11
"Chester County, Pennsylvania",6.1,96.1,120903,3.0,1.7,489500,1719,31.68,2.14
"Clearfield County, Pennsylvania",16.0,92.5,60711,3.5,0.1,145100,790,13.15,4.82
"Columbia County, Pennsylvania",10.9,96.1,63683,5.7,0.1,224000,870,14.99,1.35
"Crawford County, Pennsylvania",12.2,91.8,60797,2.9,0.0,150500,764,13.23,4.0
"Cumberland County, Pennsylvania",7.9,93.5,82174,2.7,0.3,285200,1148,23.77,2.05
"Dauphin County, Pennsylvania",13.3,93.2,74170,4.4,0.9,239800,1244,22.0,5.43
"Delaware County, Pennsylvania",10.9,95.3,84085,5.9,6.4,333800,1307,22.16,2.53
"Erie County, Pennsylvania",14.6,96.6,60663,3.8,1.2,179200,894,17.07,3.97
"Fayette County, Pennsylvania",19.8,96.6,54523,3.6,0.6,144300,745,11.98,4.95
"Franklin County, Pennsylvania",7.2,90.9,75875,4.8,0.0,248900,1095,13.41,2.72
"Indiana County, Pennsylvania",16.3,91.1,57505,5.3,0.2,152600,788,14.33,3.14
"Lackawanna County, Pennsylvania",17.0,95.3,56002,3.2,0.3,200900,1069,17.29,3.87
"Lancaster County, Pennsylvania",8.4,89.1,80067,3.2,0.9,306900,1329,18.97,2.85
"Lawrence County, Pennsylvania",13.0,96.4,62754,4.3,1.6,150800,763,15.88,4.09
"Lebanon County, Pennsylvania",7.5,90.8,78824,2.2,0.2,235400,1186,15.51,4.35
"Lehigh County, Pennsylvania",12.6,93.7,76508,4.9,0.8,318700,1346,20.36,5.18
"Luzerne County, Pennsylvania",17.2,93.5,60380,4.5,0.6,179900,1058,14.22,3.42
"Lycoming County, Pennsylvania",12.4,95.1,62135,4.7,0.8,205900,869,17.07,3.27
"Mercer County, Pennsylvania",11.5,93.4,61669,4.6,0.1,166800,874,15.68,3.22
"Monroe County, Pennsylvania",8.9,94.0,71087,6.7,3.9,275300,1325,17.22,3.82
"Montgomery County, Pennsylvania",7.0,95.8,106748,3.4,3.7,445000,1674,28.81,1.87
"Northampton County, Pennsylvania",9.6,95.4,84229,4.4,1.2,312800,1390,19.73,2.43
"Northumberland County, Pennsylvania",11.2,96.2,59046,3.1,0.1,164300,746,12.43,3.82
"Philadelphia County, Pennsylvania",20.3,92.9,60302,6.2,16.7,246600,1390,19.59,4.84
"Schuylkill County, Pennsylvania",14.8,94.2,64276,5.6,0.2,149600,801,12.45,5.89
"Somerset County, Pennsylvania",10.9,95.6,60515,5.2,0.2,144700,794,9.7,3.17
"Washington County, Pennsylvania",8.9,96.3,77450,3.1,0.7,233200,956,18.7,2.65
"Westmoreland County, Pennsylvania",10.9,97.4,71081,3.6,0.8,203600,862,19.29,2.66
"York County, Pennsylvania",8.4,95.5,81362,3.9,0.9,257600,1149,17.66,2.89
"Kent County, Rhode Island",8.7,96.7,91821,3.3,1.4,366800,1342,23.93,2.05
"Newport County, Rhode Island",12.3,94.4,104880,4.3,0.4,633700,1657,28.04,0.99
"Providence County, Rhode Island",11.9,94.9,77170,5.9,2.4,377700,1369,19.44,3.62
"Washington County, Rhode Island",9.2,97.6,102108,2.6,1.1,541500,1194,28.85,1.57
"Aiken County, South Carolina",13.8,91.5,67480,4.5,0.6,223400,1022,20.84,0.68
"Anderson County, South Carolina",13.5,91.3,64645,3.0,0.0,250500,1053,16.35,1.29
"Beaufort County, South Carolina",9.0,92.3,81111,2.3,0.1,466600,1759,27.21,0.46
"Berkeley County, South Carolina",9.1,91.5,83372,4.1,0.1,330400,1654,20.63,1.54
"Charleston County, South Carolina",10.3,92.1,89083,2.9,0.8,510900,1665,30.36,0.58
"Dorchester County, South Carolina",10.4,88.6,78137,3.4,0.2,327100,1505,18.89,0.67
"Florence County, South Carolina",19.2,90.5,54014,6.1,0.5,173200,1012,12.94,1.2
"Georgetown County, South Carolina",11.9,89.7,71313,3.2,0.0,322200,1517,18.83,0.0
"Greenville County, South Carolina",11.3,90.2,76334,3.7,0.2,326100,1295,25.38,1.03
"Greenwood County, South Carolina",16.8,92.1,56420,2.2,0.0,191300,894,15.44,0.62
"Horry County, South Carolina",13.0,90.9,68988,3.5,1.0,316800,1265,18.29,1.13
"Kershaw County, South Carolina",11.6,90.4,71375,7.2,0.2,222400,1032,13.43,1.33
"Lancaster County, South Carolina",10.8,90.9,73942,5.0,0.1,334300,1097,21.11,0.45
"Laurens County, South Carolina",15.7,89.1,56394,5.1,0.0,172700,876,9.32,1.23
"Lexington County, South Carolina",11.2,93.1,76447,4.2,0.1,243500,1166,19.94,0.92
"Oconee County, South Carolina",17.4,89.9,67124,5.9,0.0,255000,814,16.86,1.8
"Orangeburg County, South Carolina",20.2,90.6,51863,5.7,0.0,123400,838,8.02,0.95
"Pickens County, South Carolina",18.3,89.4,57110,2.3,0.0,240400,961,15.41,1.22
"Richland County, South Carolina",16.1,91.0,61079,6.1,0.5,246900,1198,21.47,0.87
"Spartanburg County, South Carolina",14.1,89.9,63899,4.3,0.2,240600,1028,15.12,1.64
"Sumter County, South Carolina",17.0,90.0,55982,7.8,0.4,190400,931,11.87,0.93
"York County, South Carolina",9.7,92.6,81356,3.2,0.5,383600,1360,24.56,1.28
"Lincoln County, South Dakota",2.0,97.5,98015,1.8,0.0,359800,1261,28.93,1.06
"Minnehaha County, South Dakota",10.3,92.8,71326,2.3,0.7,297000,949,24.8,1.54
"Pennington County, South Dakota",11.8,90.3,74893,2.0,0.4,313000,1127,21.89,1.86
"Anderson County, Tennessee",15.2,95.2,57652,3.8,0.0,243700,927,18.8,1.78
"Blount County, Tennessee",8.8,92.9,78504,2.1,0.2,348300,1159,17.45,1.08
"Bradley County, Tennessee",16.8,91.2,61107,6.2,0.0,267000,983,14.01,2.1
"Davidson County, Tennessee",11.7,89.1,80379,3.1,1.7,437700,1620,30.71,1.66
"Greene County, Tennessee",14.0,88.2,54261,3.1,0.0,217300,737,11.08,2.37
"Hamblen County, Tennessee",20.6,88.8,53210,3.1,0.0,238400,901,13.33,2.18
"Hamilton County, Tennessee",12.6,91.2,73611,4.2,0.5,333900,1298,21.55,1.17
"Knox County, Tennessee",14.0,91.0,70265,3.5,0.8,359000,1301,23.96,2.17
"Madison County, Tennessee",20.3,89.2,58702,6.0,0.7,225500,1152,13.94,0.86
"Maury County, Tennessee",11.0,92.6,72651,3.4,0.1,379200,1219,20.77,3.44
"Montgomery County, Tennessee",13.9,89.5,75361,5.4,0.3,305200,1376,18.28,2.94
"Putnam County, Tennessee",19.6,89.3,56368,3.4,0.7,290100,873,15.45,4.07
"Robertson County, Tennessee",9.5,90.5,83355,3.0,0.0,355800,1258,13.7,0.17
"Rutherford County, Tennessee",9.0,90.8,81628,2.8,0.2,406700,1548,24.29,0.75
"Sevier County, Tennessee",12.8,84.6,59665,3.4,0.0,302400,970,13.19,1.71
"Shelby County, Tennessee",17.7,88.4,62413,6.5,0.5,271000,1226,18.72,1.65
"Sullivan County, Tennessee",12.8,92.3,56481,4.8,0.3,230500,879,17.43,1.22
"Sumner County, Tennessee",9.0,94.0,86081,2.0,0.0,411900,1424,22.44,0.77
"Washington County, Tennessee",18.1,89.5,60729,3.9,0.2,260800,1026,17.68,0.63
"Williamson County, Tennessee",5.7,96.4,133990,1.8,0.1,777800,1972,35.91,0.47
"Wilson County, Tennessee",5.5,94.6,96171,1.9,0.5,475100,1517,23.15,0.36
"Angelina County, Texas",17.7,85.1,56864,3.5,0.0,167400,1068,9.36,1.89
"Bastrop County, Texas",11.3,81.4,76522,5.9,0.0,317000,1605,13.29,0.98
"Bell County, Texas",11.2,87.2,69890,5.2,0.4,262300,1331,17.32,1.76
"Bexar County, Texas",14.7,85.2,69807,4.6,1.6,277000,1332,18.86,1.92
"Bowie County, Texas",12.5,90.1,53212,4.2,0.0,160700,1026,13.87,1.76
"Brazoria County, Texas",8.5,87.6,93680,4.3,0.1,304700,1471,17.15,1.54
"Brazos County, Texas",24.6,88.4,53123,5.1,2.5,309300,1188,21.0,1.2
"Cameron County, Texas",23.5,76.5,52210,5.6,0.4,154200,904,13.07,1.78
"Collin County, Texas",6.6,90.3,119155,3.3,0.7,513100,1866,31.6,0.94
"Comal County, Texas",7.0,90.3,99193,3.3,0.0,465900,1546,27.86,0.79
"Coryell County, Texas",9.4,91.9,75559,4.9,0.2,216100,1181,14.58,1.83
"Dallas County, Texas",13.7,78.8,74350,4.2,1.3,319100,1597,21.19,1.74
"Denton County, Texas",6.0,89.6,106695,3.7,0.5,460300,1747,30.44,1.42
"Ector County, Texas",9.0,77.2,66608,1.9,0.2,196500,1169,11.35,0.94
"Ellis County, Texas",6.1,85.6,89488,3.6,0.0,366500,1693,16.52,1.0
"El Paso County, Texas",18.5,78.2,58971,4.2,1.0,191100,1127,15.38,2.01
"Fort Bend County, Texas",8.9,88.3,105441,3.7,0.6,384100,1839,27.0,1.23
"Galveston County, Texas",11.2,86.3,83514,4.8,0.5,315000,1401,21.79,2.07
"Grayson County, Texas",10.2,82.9,69019,2.8,0.5,281700,1325,16.53,1.62
"Gregg County, Texas",16.3,82.1,61569,4.3,0.1,197700,1117,13.19,1.31
"Guadalupe County, Texas",7.7,91.2,95953,3.0,0.4,325000,1598,19.13,1.59
"Harris County, Texas",16.0,79.7,72336,5.8,2.0,287100,1403,19.68,1.82
"Harrison County, Texas",18.1,90.1,65263,3.7,0.0,201900,972,15.3,2.0
"Hays County, Texas",10.5,90.0,87296,4.0,0.5,428400,1443,26.23,1.72
"Henderson County, Texas",17.8,84.2,59391,5.2,0.0,212500,999,10.9,0.86
"Hidalgo County, Texas",27.2,74.7,53661,5.6,0.2,151200,936,12.82,1.94
"Hood County, Texas",6.3,85.6,80682,3.6,0.0,350100,1514,20.89,0.21
"Hunt County, Texas",12.8,81.8,71045,6.1,0.0,259800,1214,13.45,2.57
"Jefferson County, Texas",20.3,79.1,59725,5.1,1.3,171000,1129,9.72,2.5
"Johnson County, Texas",10.2,85.1,83737,4.0,0.1,310900,1370,16.62,1.43
"Kaufman County, Texas",10.2,84.8,90793,6.1,0.0,347000,1526,19.65,2.16
"Liberty County, Texas",12.0,75.7,77535,4.0,0.0,201200,1099,6.97,1.45
"Lubbock County, Texas",17.6,87.7,57149,3.8,0.5,213900,1170,17.49,1.62
"McLennan County, Texas",17.1,87.2,63553,3.8,0.2,264100,1120,15.65,2.11
"Midland County, Texas",11.7,90.6,93269,2.2,0.6,314500,1328,20.28,3.71
"Montgomery County, Texas",10.7,83.6,91841,4.2,0.5,359800,1508,23.42,1.13
"Nacogdoches County, Texas",19.3,85.1,51718,5.5,0.0,201500,883,13.98,1.52
"Nueces County, Texas",17.1,84.5,64034,4.3,1.0,213500,1248,14.8,1.75
"Orange County, Texas",14.0,81.7,65521,5.9,0.0,180500,1067,11.46,2.84
"Parker County, Texas",8.9,86.0,98174,3.1,0.0,383100,1541,19.74,0.95
"Potter County, Texas",16.3,78.9,50743,3.8,1.2,144800,980,12.35,3.76
"Randall County, Texas",8.3,88.1,80940,2.4,1.0,236900,1059,20.89,0.67
"Rockwall County, Texas",4.3,90.0,112250,4.8,0.1,429700,2093,27.41,1.19
"San Patricio County, Texas",18.3,81.2,60494,4.7,2.7,193200,1165,9.65,1.85
"Smith County, Texas",13.2,84.0,72313,3.5,0.2,272700,1299,17.95,1.77
"Starr County, Texas",29.0,74.5,41566,7.0,0.0,89600,747,8.33,2.07
"Tarrant County, Texas",10.9,84.3,80043,3.8,0.4,336000,1569,22.18,1.79
"Taylor County, Texas",12.5,88.1,61816,3.2,0.2,200300,1269,17.16,0.91
"Tom Green County, Texas",15.0,84.3,57268,3.4,0.0,198500,1128,16.44,1.11
"Travis County, Texas",10.2,89.1,97543,4.0,1.3,569000,1770,35.36,1.09
"Victoria County, Texas",13.1,85.5,72075,4.1,0.0,202400,1164,11.32,2.15
"Walker County, Texas",22.5,86.3,55134,11.9,0.0,298600,1045,17.46,2.7
"Webb County, Texas",22.7,70.7,60204,4.5,0.5,200800,990,14.32,2.3
"Wichita County, Texas",18.2,84.5,61983,2.8,0.2,168100,976,15.29,0.74
"Williamson County, Texas",7.0,90.2,110415,3.1,0.3,464800,1830,29.16,0.88
"Wise County, Texas",9.2,88.2,91920,5.6,0.1,318300,1292,15.7,1.62
"Cache County, Utah",11.4,92.7,83695,2.2,2.2,468300,1275,23.49,1.41
"Davis County, Utah",5.9,94.6,111778,2.5,1.4,538100,1615,23.14,0.89
"Salt Lake County, Utah",9.4,91.0,94439,3.5,2.0,556300,1651,22.73,1.63
"Tooele County, Utah",8.1,94.7,94201,1.9,0.6,459000,1090,15.77,1.74
"Utah County, Utah",9.0,93.3,100895,3.6,2.4,570100,1560,25.81,1.45
"Washington County, Utah",12.3,90.4,77480,4.2,0.3,528100,1624,18.6,1.84
"Weber County, Utah",8.2,90.9,87565,2.6,1.0,437200,1445,18.65,0.95
"Chittenden County, Vermont",7.5,96.9,99578,2.3,2.3,436100,1659,28.14,3.23
"Albemarle County, Virginia",8.0,95.0,103413,2.5,0.8,492800,1607,27.43,2.03
"Arlington County, Virginia",6.9,96.4,140219,3.6,16.9,850900,2223,39.47,1.19
"Augusta County, Virginia",7.4,91.2,71346,2.7,0.5,293600,1114,15.18,1.45
"Bedford County, Virginia",11.1,93.1,73456,4.1,0.0,295100,942,18.77,3.95
"Chesterfield County, Virginia",6.6,94.4,99658,4.8,0.5,367000,1594,27.21,1.71
"Fairfax County, Virginia",6.0,93.8,141553,3.2,4.9,727200,2156,30.53,1.17
"Fauquier County, Virginia",5.1,94.0,110358,2.4,1.1,562100,1473,26.85,0.4
"Frederick County, Virginia",7.6,94.7,92640,3.7,0.0,387800,1368,19.71,0.9
"Hanover County, Virginia",4.7,96.2,112243,1.5,0.0,405000,1593,24.89,2.74
"Henrico County, Virginia",9.4,92.4,85817,3.4,0.8,362400,1593,25.25,1.63
"James City County, Virginia",7.9,96.8,110137,2.8,0.4,449300,1646,29.1,0.92
"Loudoun County, Virginia",4.5,95.3,174148,3.6,2.2,734700,2321,35.7,1.04
"Montgomery County, Virginia",26.0,96.0,68079,4.2,2.6,303500,1241,16.82,1.37
"Prince William County, Virginia",6.7,91.2,131047,4.3,2.6,532600,2042,25.98,1.81
"Roanoke County, Virginia",6.8,96.3,80809,3.9,0.0,296800,1161,21.3,1.02
"Rockingham County, Virginia",11.6,90.4,80935,2.3,0.2,312700,1047,13.79,1.32
"Spotsylvania County, Virginia",5.7,94.9,112595,2.3,2.0,421800,1770,20.41,1.17
"Stafford County, Virginia",4.1,93.6,134619,2.8,2.2,492500,2026,23.4,1.34
"York County, Virginia",8.5,98.1,101351,4.6,0.9,414600,1845,23.31,1.21
"Alexandria city, Virginia",7.1,91.5,110294,3.6,14.3,737900,1954,30.36,0.89
"Chesapeake city, Virginia",11.2,94.9,92633,3.1,0.3,380100,1628,21.79,1.71
"Hampton city, Virginia",12.5,93.4,70238,5.7,1.0,258400,1455,18.72,2.57
"Lynchburg city, Virginia",20.3,94.2,61693,2.7,2.1,247100,1062,22.48,3.3
"Newport News city, Virginia",14.5,89.0,64962,5.6,0.8,261800,1326,17.5,1.43
"Norfolk city, Virginia",17.4,90.6,62382,5.5,2.7,298600,1314,17.66,1.61
"Portsmouth city, Virginia",18.9,93.8,57109,5.6,0.4,268300,1225,16.18,2.79
"Richmond city, Virginia",17.1,91.5,65650,3.8,2.6,365100,1441,26.44,1.55
"Roanoke city, Virginia",18.9,89.5,51038,3.0,3.0,215000,1110,17.63,1.34
"Suffolk city, Virginia",11.5,92.3,81154,4.7,0.0,352000,1460,19.07,2.29
"Virginia Beach city, Virginia",8.5,94.4,91141,4.1,0.6,384200,1704,23.92,1.73
"Benton County, Washington",11.9,92.6,82304,5.0,1.2,427200,1327,18.59,2.77
"Chelan County, Washington",8.8,88.1,76722,5.5,3.0,526200,1139,17.23,2.2
"Clallam County, Washington",11.6,95.0,65990,5.1,1.1,431000,1094,17.24,3.38
"Clark County, Washington",6.9,92.5,97678,4.2,1.0,542200,1731,20.82,4.79
"Cowlitz County, Washington",13.4,93.0,70959,5.3,0.6,405400,1176,12.46,3.45
"Franklin County, Washington",13.5,88.1,84366,6.1,0.5,392100,1183,13.0,3.7
"Grant County, Washington",16.7,85.0,75586,6.9,1.5,309500,1057,11.74,2.39
"Grays Harbor County, Washington",14.3,89.7,67221,6.3,2.1,323200,1041,10.78,4.6
"Island County, Washington",8.8,96.3,90308,3.7,2.1,595100,1632,20.03,3.3
"King County, Washington",8.8,95.1,120824,4.3,8.0,848300,2043,32.74,2.87
"Kitsap County, Washington",8.4,95.0,99609,5.3,6.8,564600,1808,21.18,1.69
"Lewis County, Washington",14.2,92.9,67169,6.7,0.5,395200,1080,12.72,5.3
"Mason County, Washington",11.3,90.9,74508,9.1,2.3,432400,1368,16.07,3.15
"Pierce County, Washington",9.8,94.2,98174,4.7,2.1,538000,1802,19.04,4.03
"Skagit County, Washington",8.9,93.0,91234,4.4,0.8,558300,1667,16.92,2.26
"Snohomish County, Washington",9.0,94.0,106269,3.6,2.5,697700,1911,24.27,2.82
"Spokane County, Washington",12.5,95.0,73583,4.1,2.2,421400,1297,18.22,5.47
"Thurston County, Washington",10.4,96.0,93170,4.1,1.1,493100,1776,22.79,3.21
"Whatcom County, Washington",13.4,95.5,74884,4.2,2.7,611200,1497,24.7,2.43
"Yakima County, Washington",15.8,87.2,69525,4.7,0.5,318900,1119,10.48,3.69
"Berkeley County, West Virginia",12.6,93.9,79625,5.4,0.0,271600,1269,13.9,2.7
"Cabell County, West Virginia",21.1,94.0,56415,4.6,0.5,175100,859,20.81,2.74
"Harrison County, West Virginia",13.8,91.4,58646,2.8,0.1,174900,824,17.01,3.0
"Kanawha County, West Virginia",15.9,95.3,56469,5.5,1.0,138000,839,17.35,4.01
"Monongalia County, West Virginia",19.9,94.8,61009,4.6,1.2,261500,913,21.21,1.24
"Raleigh County, West Virginia",18.4,95.8,55189,2.4,0.2,158800,893,13.35,4.73
"Wood County, West Virginia",12.9,91.1,54750,5.3,0.7,163700,736,14.49,4.15
"Brown County, Wisconsin",10.3,95.2,77146,2.1,0.4,273900,1033,21.73,1.55
"Chippewa County, Wisconsin",8.4,96.5,77617,2.8,0.1,260900,873,16.36,0.99
"Dane County, Wisconsin",10.2,96.3,82838,2.3,3.0,393500,1378,30.68,1.64
"Dodge County, Wisconsin",8.1,95.6,72736,3.1,0.0,242200,968,14.13,0.98
"Eau Claire County, Wisconsin",10.5,94.7,72563,2.9,0.2,269000,1041,21.74,1.46
"Fond du Lac County, Wisconsin",9.6,96.8,71285,2.5,0.1,232900,964,15.06,1.51
"Jefferson County, Wisconsin",10.5,96.1,82864,3.6,0.1,283700,953,18.87,1.02
"Kenosha County, Wisconsin",11.9,95.1,74886,3.1,0.8,265500,1212,21.06,3.04
"La Crosse County, Wisconsin",13.1,96.7,70010,3.6,0.8,272200,1009,22.08,4.58
"Manitowoc County, Wisconsin",9.0,96.1,68297,1.8,0.2,199800,752,14.17,2.69
"Marathon County, Wisconsin",10.2,94.3,74141,2.1,0.0,215700,977,17.61,1.52
"Milwaukee County, Wisconsin",17.0,93.2,63185,3.9,3.7,232500,1084,21.75,1.95
"Outagamie County, Wisconsin",5.7,96.0,85784,1.8,0.5,276500,1101,21.52,0.65
"Ozaukee County, Wisconsin",4.5,97.5,96961,3.3,0.1,403300,988,30.82,1.46
"Portage County, Wisconsin",9.3,94.9,69391,2.7,0.7,258900,948,21.51,3.16
"Racine County, Wisconsin",9.8,94.5,73978,3.6,0.9,253200,1038,16.83,2.6
"Rock County, Wisconsin",11.4,95.6,73440,5.1,0.6,247500,973,17.69,2.4
"St. Croix County, Wisconsin",6.5,95.5,102475,1.3,0.1,375000,1478,25.16,2.51
"Sauk County, Wisconsin",9.1,95.7,80070,2.1,0.0,271300,1076,18.22,1.36
"Sheboygan County, Wisconsin",9.0,95.0,72902,1.4,0.1,239700,895,19.6,1.46
"Walworth County, Wisconsin",11.2,94.5,75229,4.0,0.0,315100,1116,20.23,1.1
"Washington County, Wisconsin",6.1,98.3,93287,1.1,0.0,356800,1174,23.55,0.9
"Waukesha County, Wisconsin",5.8,98.0,98630,2.0,0.3,390500,1330,30.63,0.79
"Winnebago County, Wisconsin",10.8,95.5,69957,2.3,0.5,222400,929,22.43,2.0
"Wood County, Wisconsin",9.3,96.2,66461,3.7,0.1,174500,766,15.58,4.58
"Laramie County, Wyoming",11.0,91.0,75112,5.4,0.7,357300,1143,20.33,0.81
"Natrona County, Wyoming",9.7,85.2,73203,3.2,0.4,267300,1063,17.13,1.95
"Arecibo Municipio, Puerto Rico",34.9,96.0,25496,12.1,0.0,114600,536,24.1,2.73
"Bayamón Municipio, Puerto Rico",32.7,95.1,30660,6.4,1.8,144900,662,25.5,1.87
"Caguas Municipio, Puerto Rico",35.4,93.6,30589,8.5,0.5,152900,590,22.58,4.38
"Carolina Municipio, Puerto Rico",24.8,94.3,35391,8.1,0.8,155700,609,24.69,1.87
"Guaynabo Municipio, Puerto Rico",21.3,95.0,48084,4.6,2.1,235900,1079,25.34,1.85
"Mayagüez Municipio, Puerto Rico",53.9,96.1,16836,19.8,2.5,107000,447,15.54,4.07
"Ponce Municipio, Puerto Rico",50.4,96.4,18889,17.2,0.3,100600,526,20.16,2.45
"San Juan Municipio, Puerto Rico",38.5,90.4,27403,9.1,4.7,175300,607,24.36,2.06
"Toa Alta Municipio, Puerto Rico",36.1,91.7,31635,5.0,0.0,176800,566,22.46,1.02
"Toa Baja Municipio, Puerto Rico",29.8,93.9,31814,5.2,0.4,148100,772,20.36,2.41
"Trujillo Alto Municipio, Puerto Rico",22.5,97.3,49261,7.1,0.0,167800,749,27.95,1.36
