poverty_rate,health_insurance,unemployment_rate,bachelor_holders,public_assistance,log_median_income,log_public_transit,sqrt_median_house_value
9.7,93.2,2.0,20.64,0.58,11.197049658147666,0.0,554.0758070878028
21.3,91.1,5.4,11.84,1.65,10.83525785525867,0.0,401.1234224026316
18.3,89.4,3.8,10.75,1.34,10.983986785777311,0.262364264467491,451.6635916254486
24.7,86.1,3.8,9.33,2.66,10.68072309222836,0.0,395.9797974644666
12.9,92.4,2.7,17.73,0.17,11.19103834651716,0.0,479.4788837894741
20.9,89.1,6.6,10.05,1.85,10.86268450542074,0.0,433.82023926967724
16.7,90.0,4.0,12.83,1.24,10.990954630099239,0.4054651081081644,432.5505750776434
15.9,90.6,3.5,20.76,1.54,11.07632566355621,0.4054651081081644,498.998997994986
11.7,92.9,4.8,16.61,1.35,11.080048049251726,0.0,460.10868281309365
19.2,91.7,5.4,21.91,0.65,11.008048777806648,0.6418538861723948,530.0
7.3,93.1,3.4,19.26,0.73,11.313766958906479,0.0,540.8326913195984
10.5,93.0,2.7,27.44,1.88,11.364332644920315,0.0,562.3166367803819
17.4,89.4,3.3,13.16,0.96,11.007054214669369,0.262364264467491,446.09416046390925
15.8,90.8,3.1,16.44,1.14,10.921468071178648,0.33647223662121295,437.7213725647858
17.9,89.9,4.5,17.93,1.59,11.014341274848803,0.33647223662121295,413.158565202272
10.2,91.3,3.4,16.18,0.89,11.225616656180232,0.4700036292457356,471.16875957558983
8.9,93.3,3.5,16.04,0.6,11.306319412294949,0.0,472.65209192385896
9.0,93.1,2.9,26.4,0.38,11.385887231799504,0.0,571.489282489182
16.2,92.6,4.0,7.94,1.11,11.020447161688963,0.0,392.93765408777
19.5,93.8,5.8,16.49,1.46,11.017415291982012,0.832909122935104,498.19674828324605
8.4,92.3,4.3,21.97,5.33,11.45568822449413,0.7884573603642702,621.2084996198942
6.7,88.9,3.7,17.3,3.99,11.366638782699756,0.6418538861723948,534.5091205957107
10.1,90.5,2.3,14.84,5.88,11.4475652730203,0.4054651081081644,584.2088667591412
29.8,86.0,11.2,8.53,2.97,10.610019752706195,0.262364264467491,229.56480566497993
15.9,90.2,6.3,14.46,2.97,10.859479651261836,0.0,484.9742261192856
18.6,91.2,5.5,19.41,1.92,11.180775872247704,1.0647107369924282,686.2215385719105
10.9,90.2,3.7,21.43,1.52,11.374214969630849,0.832909122935104,684.6166810705097
17.0,90.6,5.6,10.03,1.9,10.932285203588544,0.0,542.0332093147061
25.6,87.1,8.1,10.78,3.45,10.834745711532069,0.4700036292457356,491.32473986152985
13.7,91.1,4.6,19.66,1.92,11.152787388447106,1.0986122886681098,581.2056434688157
11.5,89.1,5.1,14.44,1.74,11.253416121335281,0.09531017980432487,608.7692502089769
13.0,91.0,4.2,17.25,2.5,11.11609794525765,0.09531017980432487,673.9436178197699
15.0,86.3,6.8,11.18,1.43,11.049110645473592,0.33647223662121295,496.8903299521938
7.4,89.9,3.8,23.94,0.61,11.437760010802517,0.0,606.1352984276696
17.4,90.3,5.3,16.82,0.59,10.998359521588515,0.0,435.54563480765137
13.9,93.3,3.1,19.68,0.81,11.124110962931043,0.0,488.5693400122443
20.4,91.3,4.3,19.37,1.99,10.864273524296834,0.09531017980432487,470.0
23.5,96.1,5.8,13.73,8.2,10.800493522998416,0.4054651081081644,303.31501776206204
8.4,95.1,5.0,14.94,1.48,11.229593915255705,0.0,435.08619835614184
15.5,90.2,3.2,21.46,1.3,11.020741664308893,0.9555114450274363,471.6990566028302
10.4,94.1,2.7,18.3,0.88,11.255164588634324,0.0,485.28342234203717
11.0,91.0,4.7,13.64,1.38,10.967318592363615,0.0,437.6071297408213
14.2,87.9,3.0,19.87,0.26,11.089270927661854,0.18232155679395465,570.701322935211
17.0,92.4,4.3,12.34,2.17,10.890944791838075,0.0,418.44951905815356
9.5,96.2,5.3,26.76,3.71,11.694671856388286,2.302585092994046,1033.3440859655607
21.1,94.1,6.9,17.67,3.88,11.054407620827583,0.6931471805599453,648.459713474939
8.3,94.7,5.6,27.21,2.56,11.71826343356664,2.0014800002101243,910.823802938856
6.3,95.7,5.1,24.97,1.9,11.595371436336926,0.4054651081081644,831.6249154516717
17.8,93.0,7.3,14.57,5.95,11.180092597802776,0.6931471805599453,628.8879073412049
16.2,95.0,6.7,22.37,2.92,11.02875800051622,0.5877866649021191,684.1052550594828
16.9,93.7,9.3,9.81,5.77,11.006141662030569,0.0,576.107628833363
19.2,91.7,8.4,11.41,5.49,11.140309855323784,0.33647223662121295,588.727441181401
17.1,91.5,9.7,7.18,5.32,11.103888987106272,0.4700036292457356,590.592922409336
17.0,94.0,6.0,8.39,2.57,10.99278997187846,0.0,580.2585630561604
13.7,92.4,5.9,22.13,4.19,11.36890496780863,1.62924053973028,910.3296106356203
18.2,92.1,7.7,9.75,5.09,11.105753901695289,0.5877866649021191,631.2685640834652
9.0,97.1,4.7,29.68,1.85,11.846851605896077,1.589235205116581,1229.7154142320896
12.3,95.9,9.2,18.04,2.89,11.119201163065084,0.0,714.4228439796701
19.1,92.0,9.2,9.73,4.75,10.960756877669855,0.33647223662121295,639.5310782127792
14.3,90.5,3.6,15.36,1.95,11.385489741660544,0.8754687373538999,871.2634503983281
9.0,96.4,3.7,23.59,1.38,11.558720672540662,0.5877866649021191,912.0307012376283
11.2,97.0,5.7,23.86,1.89,11.385069365929349,0.0,804.4874144447507
9.1,94.0,4.2,26.69,2.35,11.608617390082358,0.6931471805599453,980.5100713404223
6.4,96.6,4.7,27.45,2.18,11.60562314425583,0.33647223662121295,820.9141246196218
11.3,92.1,5.1,15.85,4.43,11.413403427734167,0.4700036292457356,758.946638440411
11.8,95.1,6.3,21.14,4.26,11.410361036614404,0.7884573603642702,730.6846104852626
8.7,93.7,4.4,15.06,1.57,11.583607575555758,0.7884573603642702,872.6969691708572
13.1,91.9,6.2,14.05,5.91,11.351217970875567,0.5306282510621704,717.9832867135558
10.1,94.1,4.7,24.69,2.82,11.549006639541176,1.1314021114911006,930.0
12.0,96.8,4.9,35.23,2.67,11.74981411807611,3.1354942159291497,1161.0340218959993
12.3,94.0,6.6,15.34,4.23,11.378456490095658,0.6931471805599453,729.0404652692469
13.5,94.6,4.4,22.18,2.09,11.414981820640103,0.6931471805599453,904.2123644365852
7.3,95.6,3.7,29.18,2.05,11.928241889128767,1.8562979903656263,1221.7200988769891
15.4,90.7,6.1,19.55,2.45,11.420777280784536,1.252762968495368,883.5722947218297
7.5,95.9,4.2,27.98,2.61,11.95088357766166,1.3609765531356006,1201.2909722461081
13.0,95.4,5.8,21.74,2.09,11.567707167779876,1.4586150226995167,1005.6341282991543
12.6,92.7,4.5,14.76,3.51,11.237817341380294,0.33647223662121295,595.9026766175832
10.4,95.7,4.9,18.16,3.12,11.513195428526789,1.0647107369924282,788.0355321938218
8.9,95.9,4.0,22.65,2.09,11.519970589696866,0.5877866649021191,885.945822271317
12.3,94.8,6.6,13.04,4.39,11.323675965303575,0.18232155679395465,675.7958271549181
17.3,92.9,6.5,12.45,2.45,11.22159675159825,0.6418538861723948,636.4746656387825
13.9,95.1,3.7,14.82,3.69,10.917413033037043,0.4700036292457356,568.1549084536716
17.3,91.4,8.2,9.6,5.97,11.199542605224037,0.33647223662121295,582.9236656715868
9.7,92.8,5.3,21.75,1.85,11.586798409507123,0.4700036292457356,905.7041459549581
16.0,94.5,5.0,21.31,1.52,11.442535188996835,1.0647107369924282,781.0249675906655
15.4,93.2,8.2,10.59,7.26,11.294719702685642,0.18232155679395465,625.6196927846821
9.6,91.1,3.1,18.7,2.17,11.48971824863241,1.1314021114911006,703.2069396699666
10.7,90.5,4.3,27.47,2.17,11.495158564176068,1.1939224684724346,753.1932023060219
11.4,94.8,4.7,30.96,1.56,11.465445941535874,1.308332819650179,873.842090998139
5.3,97.3,3.1,32.78,0.59,11.627494452213256,1.0986122886681098,812.896057316063
10.0,92.6,3.7,32.96,2.06,11.452718880763895,1.5686159179138452,791.5175298121957
4.1,96.8,3.9,36.99,1.03,11.871648310526261,0.6418538861723948,851.7628778010932
7.0,94.1,4.3,24.31,1.97,11.402541240480666,0.262364264467491,686.2215385719105
7.4,95.1,2.9,31.51,1.15,11.53499023756764,0.9162907318741551,803.6790404135223
10.6,94.7,4.5,27.65,2.52,11.387158139534739,0.5877866649021191,758.2216034906945
12.4,91.0,4.4,20.95,3.91,11.077856453603484,0.262364264467491,610.9009739720506
12.5,95.9,3.5,15.15,3.63,11.084616409436771,0.33647223662121295,560.0892785976179
9.0,92.8,4.0,20.17,1.88,11.419131135683767,0.262364264467491,689.4925670375279
9.8,95.2,4.5,21.89,2.96,11.418669729044508,1.3862943611198906,571.5767664977295
10.9,89.9,6.7,23.76,3.08,11.462526507386377,1.916922612182061,664.3794096749236
7.2,96.1,2.9,24.94,1.05,11.505649055999452,0.8754687373538999,620.7253821135398
11.6,95.7,5.3,17.75,3.2,11.30622104760779,0.6931471805599453,571.8391382198319
6.4,98.1,2.2,17.29,1.47,11.394209494265244,0.262364264467491,552.8109984434101
8.4,96.0,4.7,21.91,2.22,11.418834541570632,0.7884573603642702,575.4128952326321
12.6,94.9,4.2,21.69,2.65,11.298902692605338,1.4586150226995167,590.9314681077662
13.5,96.4,4.8,19.17,2.8,11.322394301383495,0.6931471805599453,568.946394662977
8.2,91.0,4.2,29.95,2.62,11.707085008816723,2.302585092994046,811.1103500757465
11.1,93.5,3.4,15.85,3.77,11.196981082800477,0.9555114450274363,570.2630971753301
10.7,93.9,3.1,21.87,2.56,11.37321502126899,1.4586150226995167,597.8294071054049
9.8,92.8,4.4,18.5,2.07,11.265245851311018,0.262364264467491,630.158710167526
14.0,97.3,5.3,27.52,3.03,11.591829062565694,3.173878458937465,845.8723307923011
19.0,92.9,3.8,20.49,1.91,11.026597312804626,1.2237754316221157,554.0758070878028
11.0,86.4,2.9,18.74,1.61,11.180190237025924,0.5306282510621704,572.4508712544684
10.1,90.5,5.1,19.74,1.66,11.271808861665768,0.262364264467491,597.1599450733446
12.7,89.1,4.2,21.43,1.68,11.218970425201533,1.1314021114911006,662.6462102811726
8.7,93.0,3.6,15.75,1.12,11.181723317004527,0.18232155679395465,604.8966853934645
17.2,88.4,6.2,13.86,1.36,10.892601145448044,0.4054651081081644,528.0151512977634
7.4,91.7,3.6,18.77,1.25,11.311518943298806,0.09531017980432487,581.3776741499453
10.9,86.8,2.0,22.45,1.07,11.408364629482966,0.6931471805599453,771.6864648288189
16.8,83.2,7.8,10.33,1.87,11.015542416900727,0.0,479.8958220280731
14.6,89.5,4.3,21.82,2.55,11.14816074398844,0.5306282510621704,566.9215113223346
12.7,87.1,4.6,19.05,1.3,11.184935154891406,0.33647223662121295,535.7238094391549
9.1,91.0,4.1,20.31,0.78,11.179994949045279,0.7419373447293773,632.771680782255
11.8,90.3,5.9,13.42,1.42,11.074544526100407,0.33647223662121295,552.3585791856591
19.9,89.2,6.3,12.33,2.23,10.842810983520856,0.09531017980432487,457.05579528105756
13.3,89.4,3.8,21.93,1.42,11.247487481464612,0.7419373447293773,629.4441992742486
12.0,89.6,2.1,18.5,0.89,11.197118228792599,0.6418538861723948,608.7692502089769
10.8,90.7,4.0,20.08,0.96,11.166625090030035,0.262364264467491,567.1860364994893
12.5,88.3,3.7,18.19,1.36,11.17810985538439,0.4700036292457356,625.8594091327541
18.1,94.0,6.2,24.32,1.03,11.097122100775632,1.1939224684724346,558.3905443325486
10.5,89.9,3.8,22.63,1.08,11.283814141876228,0.6931471805599453,651.1528238439882
15.2,89.1,5.1,13.88,1.59,10.978592359402198,0.18232155679395465,514.87862647424
15.0,87.7,4.9,25.04,1.3,11.219909190927746,0.33647223662121295,662.4198064671677
14.0,87.8,3.8,20.55,3.4,11.188731540419244,1.589235205116581,698.9992846920518
8.5,86.6,1.7,20.29,0.84,11.394929906732521,0.18232155679395465,897.8307190111062
11.2,93.3,3.7,21.29,2.02,11.41499284958557,0.0,641.482657598785
10.4,89.4,3.2,20.01,1.09,11.32688500160752,0.262364264467491,603.1583540000089
12.4,88.9,4.1,24.15,1.53,11.277873792581646,0.8754687373538999,636.9458375717671
10.6,90.9,4.9,20.99,3.34,11.257594409402774,0.5877866649021191,610.9828148156051
10.7,88.1,4.3,24.36,2.13,11.349476691536836,0.9555114450274363,701.0706098532444
10.4,90.9,4.1,18.25,2.95,11.18881451190476,0.18232155679395465,581.1196090307055
11.2,89.2,4.1,23.08,1.65,11.167162200108107,0.9555114450274363,618.3849933496123
12.8,88.0,3.7,16.16,1.94,11.111088766216067,0.4054651081081644,544.3344560102731
21.4,89.6,4.4,11.71,3.29,10.863909995770191,0.33647223662121295,400.24992192379
6.0,95.9,2.8,32.18,0.98,11.563171711394325,0.09531017980432487,731.1634564172365
9.5,88.5,5.0,14.49,1.84,11.105408252735932,0.262364264467491,609.4259594077037
6.7,90.9,4.5,19.68,1.06,11.383522680758052,0.09531017980432487,584.8931526355904
9.6,89.7,4.0,24.13,1.31,11.260674884349712,0.33647223662121295,671.0439627923047
9.0,92.0,4.2,27.23,1.58,11.296596143963688,0.4054651081081644,635.6886030125128
10.8,96.2,7.5,22.64,0.2,11.221436154175494,0.7419373447293773,641.0928169929842
11.8,91.1,3.9,17.21,2.14,11.101537853410294,0.33647223662121295,584.7221562417487
11.5,89.8,4.1,22.64,1.49,11.274680966120778,0.33647223662121295,661.8156843109718
13.7,88.9,2.2,10.9,2.14,11.096106141023359,0.0,548.4523680320835
7.5,83.3,2.9,17.83,1.48,11.296149100034178,0.0,556.2373594069352
22.0,88.9,7.2,13.93,1.39,10.844548942735495,0.262364264467491,446.9899327725402
25.6,89.9,7.0,16.14,1.06,10.896868946774847,0.832909122935104,490.10203019371386
14.2,89.9,3.6,13.38,0.85,11.182906362021665,0.4054651081081644,529.9056519796708
9.4,89.4,4.1,12.63,1.02,11.165535850056163,0.0,481.6637831516918
14.7,89.0,4.0,22.92,1.79,11.169082128418234,0.4700036292457356,566.3920903402518
6.4,89.9,3.1,26.86,1.05,11.549170601637366,0.09531017980432487,671.4164132637808
24.7,88.8,4.4,21.48,1.18,10.903236690400366,1.0296194171811581,564.5352070508977
16.7,84.2,6.4,15.92,4.07,10.974368867465927,1.1314021114911006,495.8830507286975
8.4,89.5,3.4,30.09,0.76,11.506726289727407,0.5306282510621704,657.2670690061993
6.8,93.4,4.3,18.97,0.8,11.477712709214483,0.09531017980432487,572.4508712544684
11.1,91.2,2.2,23.66,1.3,11.43117296309797,0.09531017980432487,618.869937870632
12.8,88.1,5.3,25.24,2.46,11.262680464647342,1.5260563034950492,606.7948582511226
26.1,88.2,11.3,7.67,1.31,10.731362285036713,0.5306282510621704,380.13155617496426
11.6,89.6,5.3,18.45,2.01,11.306380885311386,1.0986122886681098,573.0619512757761
7.3,90.5,4.9,16.84,1.35,11.31121311606434,0.262364264467491,531.7894320123332
4.5,94.1,3.6,28.78,1.34,11.579171901789133,0.09531017980432487,680.367547726962
17.4,90.5,3.4,15.31,3.01,11.03646906128378,0.0,470.2127178203499
5.2,90.5,2.1,31.74,0.87,11.81170325167706,0.0,766.355009117837
12.6,91.9,4.4,32.88,1.28,11.4655298279956,1.5686159179138452,691.0137480542627
16.0,87.9,3.5,20.32,1.6,11.183226239636436,0.18232155679395465,580.689245638319
11.7,83.8,4.1,21.91,1.45,11.337583494099448,0.33647223662121295,628.8879073412049
10.9,86.2,2.6,17.09,1.94,11.263065692450144,0.4700036292457356,597.9966555090422
11.3,91.8,5.3,20.86,1.03,11.294446019782896,0.4700036292457356,578.4461945591828
14.0,88.6,7.8,18.38,0.87,11.236183332556783,0.09531017980432487,470.3190406521939
6.3,87.8,2.0,15.9,2.35,11.347449225763054,0.5306282510621704,602.6607669327745
15.7,90.2,10.9,12.55,1.99,10.973494584193903,0.18232155679395465,475.60487802376457
20.5,88.4,4.8,16.66,3.22,10.9061211046323,0.09531017980432487,470.95647357266466
21.5,89.8,6.5,16.69,3.34,10.855820875757212,0.7884573603642702,445.1965857910413
10.1,91.2,5.7,14.62,2.6,11.285271758178133,0.09531017980432487,543.8749856354859
7.2,93.4,3.5,17.83,1.06,11.452389589215745,0.0,594.9789912257406
21.8,86.9,7.6,14.37,1.15,10.85871049441207,0.7419373447293773,443.9594576084623
11.8,88.9,6.0,20.84,1.8,11.318600150484542,0.18232155679395465,572.8874234961002
13.9,85.2,3.1,11.33,3.29,10.936120282270263,0.0,490.3060268852505
19.1,89.1,6.6,14.41,1.82,11.077949153487676,0.0,490.9175083453431
15.2,85.8,3.1,10.74,2.6,10.978387581244487,0.0,468.8283267892417
9.1,89.2,5.9,15.11,2.22,11.25604414167116,1.0647107369924282,597.6621118993573
17.5,82.7,2.7,11.75,1.33,11.04809244505471,0.09531017980432487,493.3558553417604
17.5,96.5,4.2,18.48,2.93,11.219627653732811,0.5877866649021191,727.1863585079137
9.0,97.0,3.5,23.3,3.28,11.543755303762667,1.840549633397487,948.314293892062
7.6,97.4,3.0,18.6,3.01,11.547945058071269,1.0647107369924282,942.6027795418386
8.8,95.7,3.0,19.17,3.98,11.334886723814417,0.8754687373538999,966.6954018717581
8.1,93.4,3.1,26.94,2.12,11.413392381245018,0.4054651081081644,724.9827584156743
10.8,94.3,2.4,20.06,2.45,11.13451602888549,1.0296194171811581,584.6366392897387
11.6,92.9,1.9,21.81,3.96,11.20706584406608,1.33500106673234,612.2091146005587
10.3,86.7,3.8,16.45,2.73,11.18451861549464,0.0,615.3048025166064
10.0,91.0,4.0,19.75,2.39,11.204441866489002,0.09531017980432487,745.9892760623305
9.3,92.5,2.6,13.01,3.3,11.107105293834648,0.0,573.5852159879995
16.3,95.4,3.4,21.3,2.28,10.99497451626165,1.62924053973028,464.86557196677836
13.3,92.2,5.6,24.58,2.66,11.296993348641031,2.667228206581955,560.0892785976179
12.8,94.1,4.8,18.76,3.91,11.122797144772276,0.9555114450274363,493.9635614091388
6.5,94.8,4.0,29.51,1.74,11.580219561021574,1.7227665977411035,618.9507250177513
8.2,92.5,3.8,23.88,1.05,11.48897083000737,1.1631508098056809,569.2099788303083
9.9,96.0,3.4,11.54,2.65,11.109278702668847,0.7884573603642702,427.6680956068619
5.7,94.3,3.8,23.19,1.36,11.620424691953675,0.832909122935104,571.5767664977295
8.1,94.1,4.5,25.97,1.53,11.593251209508129,1.3862943611198906,583.4380858325928
11.1,96.8,5.2,13.79,1.72,11.19460547490796,0.0,392.8103868280471
6.2,95.9,2.9,22.86,0.92,11.521726620923298,0.9162907318741551,555.2476924760697
11.4,96.0,2.6,28.04,1.71,11.254154736012868,0.7419373447293773,459.34736311423404
15.5,97.3,6.0,13.89,3.37,10.97330591303859,0.33647223662121295,339.5585369269929
10.7,96.1,3.5,21.53,2.19,11.198776206303277,0.262364264467491,416.293165929973
17.6,95.1,6.6,20.54,5.35,11.026597312804626,0.5877866649021191,391.1521443121589
15.6,96.4,3.1,14.83,3.33,11.052270005116814,1.0986122886681098,379.6050579220461
12.7,94.8,4.6,16.13,2.84,11.090507465209402,0.8754687373538999,430.5810028322197
12.0,95.8,4.5,22.81,1.72,11.191286666906919,0.5306282510621704,426.2628297189423
8.7,94.4,3.6,19.3,1.71,11.185198873463579,0.33647223662121295,402.49223594996215
20.9,95.3,7.9,8.66,5.16,10.747358117880204,0.0,310.0
7.1,95.8,3.7,21.4,1.25,11.547152963519455,1.1939224684724346,567.626637852735
19.1,95.6,4.1,14.06,3.37,11.004347313744717,0.0,394.84174044799266
14.9,94.7,5.6,13.28,4.09,11.09000387521257,0.33647223662121295,401.7461885320133
13.2,91.4,4.3,19.92,1.58,11.092915085420028,0.5877866649021191,475.3945729601885
10.8,95.3,3.5,19.8,0.49,11.312423644136842,0.6418538861723948,503.8849074937649
2.7,96.0,0.8,26.08,0.89,11.548215385748676,0.0,607.7005841695399
8.8,94.6,3.7,16.29,1.51,11.180399431835866,0.09531017980432487,482.078831727758
19.7,92.4,3.8,14.51,3.38,10.918826922010416,0.9162907318741551,373.76463182061514
12.8,86.0,2.7,12.27,0.88,11.115249939136893,0.262364264467491,462.6013402488151
10.0,96.3,2.9,17.77,0.08,11.290069372335813,0.18232155679395465,508.6255990411808
22.1,94.1,4.3,12.91,3.59,10.86310593714546,0.0,348.99856733230297
5.2,96.4,2.4,38.41,0.89,11.685003064473658,0.09531017980432487,647.9197481170025
5.8,93.0,1.8,22.61,1.94,11.450049560918558,0.0,537.4941860150675
5.5,93.7,2.7,22.23,0.73,11.445074798062054,0.18232155679395465,553.2630477449221
12.2,95.0,5.0,13.94,2.87,11.022996640917222,0.4700036292457356,411.4608122288197
6.2,97.7,2.7,21.94,0.71,11.432051578630055,0.4700036292457356,535.6304696336832
9.5,89.7,2.4,15.68,0.17,11.15824852369417,0.0,477.28398255126893
13.8,94.4,4.8,16.74,1.73,11.144264691384112,0.832909122935104,486.6210024238576
15.0,92.0,3.5,14.73,2.16,11.04879256919622,0.4054651081081644,443.0575583375144
12.1,91.9,4.5,13.18,2.24,11.035083193686253,0.33647223662121295,403.9801975344831
15.3,91.9,4.3,22.6,2.0,11.106189549728619,0.7884573603642702,488.5693400122443
18.3,96.1,4.7,22.77,1.29,10.98478411899455,1.0986122886681098,548.9990892524322
10.3,96.5,3.9,14.84,1.02,11.180566756180555,0.0,512.54268114958
9.7,96.1,3.8,18.62,1.02,11.25687125019876,0.5877866649021191,529.6225070746144
13.9,91.5,4.9,19.05,1.08,11.093630159049829,0.832909122935104,441.5880433163923
17.8,95.5,2.8,21.4,1.39,11.01471987256034,1.252762968495368,496.78969393496885
13.5,94.2,3.8,16.31,2.48,11.0097207283356,0.7884573603642702,432.781700167648
20.8,93.0,6.6,15.3,3.14,10.77182676847709,0.4054651081081644,377.88887255382366
10.7,96.6,2.9,24.75,0.3,11.353460690319201,0.0,512.0546845796844
19.0,86.9,8.1,11.66,2.47,10.855106817463577,0.09531017980432487,368.9173349139343
14.2,95.0,3.5,18.9,1.17,10.997204545438429,0.09531017980432487,424.38190347845887
7.4,96.6,2.3,29.78,0.84,11.491650754691374,0.0,592.5369186810219
9.2,97.0,2.2,20.93,0.83,11.183587717249615,0.8754687373538999,481.3522618623496
16.3,94.6,2.2,26.87,1.87,11.17833345960585,1.8082887711792655,557.4047003748713
9.9,96.2,3.2,22.24,1.43,11.188288909524681,0.5877866649021191,472.12286536451506
11.7,94.2,3.3,26.0,1.53,11.27693727332721,0.4054651081081644,520.8646657242167
12.1,95.5,3.4,13.14,2.22,11.165351835277841,0.9932517730102833,464.9731175025068
10.2,95.2,3.3,23.66,1.74,11.249246336447742,0.18232155679395465,492.9503017546495
16.8,96.5,3.2,24.18,0.86,11.134983107173381,1.33500106673234,510.48996072400877
12.7,92.0,2.6,13.6,2.29,11.080803190799589,0.9932517730102833,427.6680956068619
8.8,95.0,1.9,19.99,0.76,11.21943991822477,0.0,471.38094997570704
13.7,92.5,5.2,22.94,0.95,11.11240312125122,1.308332819650179,552.8109984434101
5.3,95.0,2.3,34.39,0.62,11.539586869923719,0.18232155679395465,622.6556030423238
7.0,94.4,2.6,18.96,2.38,11.31351064723008,0.0,524.8809388804284
19.6,94.5,4.1,22.24,0.4,11.044887901749453,0.18232155679395465,470.6378650300037
13.7,89.9,3.6,19.38,1.82,11.107150308802131,0.5306282510621704,457.93012567421243
12.7,91.7,3.8,17.53,1.86,11.043113817294852,0.09531017980432487,428.01869118065395
16.9,83.2,5.0,12.15,1.51,11.031108330238945,0.8754687373538999,420.7136793592526
7.7,96.3,3.1,23.69,2.03,11.379965337713998,0.262364264467491,534.4155686354954
7.6,97.0,3.7,12.3,0.32,11.210481638644469,0.0,510.3920062069938
9.9,94.4,2.9,21.11,2.3,11.307756891425665,0.5877866649021191,518.1698563212645
17.3,90.6,7.6,12.91,0.88,10.923381256492833,0.0,418.68842830916645
18.6,95.0,4.1,12.56,1.88,11.033630807483584,0.0,447.7722635447622
16.0,93.4,4.2,26.62,1.16,11.103331846278284,0.8754687373538999,542.4942396007538
15.8,94.0,4.5,14.32,0.49,11.058826680447785,0.0,487.03182647543684
16.0,94.4,4.5,20.86,2.36,11.07507145366006,1.0296194171811581,500.7993610219566
10.3,96.2,3.1,22.25,1.88,11.282152886491527,0.6931471805599453,501.49775672479336
15.6,95.4,1.3,14.83,0.71,11.01402841206951,0.4054651081081644,423.7924020083418
13.0,94.0,3.5,19.94,2.94,11.089835955508324,0.0,503.0904491242107
6.6,98.2,2.4,25.96,1.55,11.691515066674505,0.09531017980432487,622.4949798994367
15.7,93.1,4.2,6.91,2.18,10.927142790736806,0.0,435.3159771935783
13.7,93.5,3.9,19.15,1.08,11.019726901054444,0.4054651081081644,518.3628073077774
10.2,93.8,3.7,16.11,1.12,11.409673835159754,0.33647223662121295,529.055762656452
14.2,91.9,4.1,12.85,0.54,11.17556283206387,0.33647223662121295,459.8912915026767
23.4,92.9,5.7,16.9,1.36,10.827250299248984,0.6418538861723948,412.91645644125157
18.1,93.8,3.4,16.06,0.72,11.06491813359639,0.0,470.6378650300037
20.2,93.5,6.0,20.86,1.02,10.992773149181277,0.9162907318741551,503.2891812864648
21.7,93.6,7.8,10.34,1.49,10.884666744312142,0.6418538861723948,384.0572873934304
17.0,90.1,5.2,16.56,1.5,11.02002161583816,0.5306282510621704,509.0186637049765
17.5,91.0,3.3,22.97,0.58,11.05272958215556,0.4054651081081644,494.368283772331
22.3,95.1,2.8,14.79,1.35,10.931784667289213,0.18232155679395465,441.81444068749045
15.7,93.1,3.0,12.0,1.79,11.194440483363403,0.18232155679395465,472.86361670147556
22.6,93.9,5.3,22.19,0.73,10.925578703296495,1.6863989535702288,553.5341001239219
21.5,92.4,7.0,18.83,2.25,10.872275853368038,0.18232155679395465,441.92759587968703
20.4,90.7,4.5,12.23,0.98,10.84546552414626,0.6931471805599453,413.40053217188773
22.7,94.3,2.8,8.15,0.68,10.630867063391808,0.5877866649021191,337.78691508109074
13.0,94.3,4.6,22.74,1.06,11.243999721000892,0.09531017980432487,535.2569476429054
18.4,93.4,5.9,12.72,0.62,10.90443188402608,0.0,467.2258554489467
13.8,91.1,2.5,12.88,1.66,11.067950001766604,0.09531017980432487,430.4648650006177
14.0,93.4,4.1,15.6,6.99,11.057282229917783,0.18232155679395465,512.8352561983233
10.4,93.0,3.1,19.6,4.41,10.951332724150584,0.0,392.93765408777
6.3,96.0,2.2,32.82,1.57,11.496480992754208,1.0647107369924282,686.0029154456998
12.2,94.1,4.9,18.52,2.88,11.067934397125784,0.262364264467491,503.189825016365
13.2,94.1,2.5,16.13,3.84,11.102442789900266,0.5306282510621704,478.1213235152768
7.8,95.4,2.9,24.44,1.55,11.367090116746684,0.6418538861723948,650.0769185258004
19.8,95.9,4.7,10.38,1.93,10.903825271935897,0.33647223662121295,383.275357934736
5.7,95.2,3.4,22.82,0.94,11.675469394155508,0.8754687373538999,678.675180038286
9.7,94.9,3.9,21.68,1.62,11.374306868725707,1.3862943611198906,588.1326381013045
2.6,97.0,2.9,19.93,1.86,11.746874426997156,0.832909122935104,688.0406964707829
6.8,97.4,2.5,23.7,1.29,11.652461294827356,0.33647223662121295,658.2552696332936
10.3,98.1,3.4,15.7,5.34,11.415995974790254,0.4054651081081644,572.2761571129798
7.8,93.4,5.8,16.48,1.65,11.562543857492422,1.2237754316221157,640.3124237432849
6.4,95.3,1.9,24.07,1.84,11.647106646436248,0.832909122935104,680.0735254367721
7.2,95.8,4.5,22.28,1.37,11.561991781482282,0.5306282510621704,623.2174580353153
5.0,95.3,2.7,30.08,0.5,11.857642193604295,0.9162907318741551,776.788259437538
7.0,93.0,3.9,26.37,1.66,11.739032620468146,2.3702437414678603,797.6214641043707
11.0,88.8,5.3,19.23,1.63,11.492998229910825,2.2925347571405443,649.8461356351979
8.3,96.6,2.7,19.52,6.7,11.535488983378979,0.33647223662121295,635.5312738174259
11.1,92.6,3.6,13.16,3.4,11.182308055350786,0.18232155679395465,532.634959423431
17.1,93.6,3.1,16.81,2.44,11.209574609103825,0.0,507.2474741188959
20.2,94.1,5.1,19.04,5.39,10.995058441970661,2.4423470353692043,491.8333050943175
8.5,97.3,3.2,25.05,2.38,11.40637535313447,0.7419373447293773,796.6806135459806
12.3,98.2,4.9,21.18,2.6,11.258007408556834,1.252762968495368,546.0769176590419
13.0,96.8,4.5,18.37,4.42,11.30402992692122,1.1314021114911006,678.0117993073571
9.4,96.9,4.1,23.67,4.37,11.481166444021724,1.6094379124341003,790.3796556086195
12.0,97.7,5.2,22.9,1.8,11.174595503846902,0.4700036292457356,573.846669416143
17.8,96.6,3.9,16.51,5.86,11.11240312125122,0.8754687373538999,549.6362433464518
12.3,98.4,4.1,18.58,3.22,11.289394338558493,1.4350845252893227,617.0899448216605
7.7,98.1,3.4,28.05,2.59,11.725654977935566,2.2617630984737906,846.2269199216012
7.8,98.3,4.1,31.09,2.28,11.727254280399162,2.2512917986064953,828.5529554590944
7.7,97.4,4.4,24.7,4.2,11.596733383026633,1.589235205116581,753.9893898457723
15.0,96.6,4.2,27.22,4.0,11.444218266960437,3.242592351485517,826.9824665614138
11.0,97.3,4.0,23.09,3.09,11.452102698524444,0.9555114450274363,658.7108622149782
10.1,95.3,2.1,19.78,1.76,11.274401742867283,0.262364264467491,514.5872132107443
12.5,96.3,4.5,13.45,3.5,10.979769020719225,0.18232155679395465,395.22145690739006
12.9,92.7,4.3,17.39,2.5,11.042281630837069,0.262364264467491,487.74993593028796
13.2,94.3,6.4,13.35,2.34,10.95978367541029,0.262364264467491,404.3513323831146
6.7,98.5,1.9,24.8,1.31,11.434996355407028,0.18232155679395465,525.8326730053963
10.5,96.6,3.1,18.6,1.92,11.180050749502858,0.8754687373538999,475.60487802376457
18.0,95.3,6.9,14.23,2.35,11.002549739984602,0.832909122935104,426.14551505325034
5.8,96.5,2.9,23.28,2.12,11.33439670641497,0.18232155679395465,585.8327406350724
15.9,96.4,5.9,19.94,3.05,11.050858258838009,1.1314021114911006,436.9210454990695
14.1,96.2,4.3,14.64,2.2,11.155550275917102,0.33647223662121295,470.6378650300037
13.6,97.1,4.6,14.9,3.98,11.056240743970491,0.09531017980432487,451.33136385587034
12.9,96.0,2.9,23.09,1.53,11.115294588970581,0.5306282510621704,501.1985634456667
10.3,95.5,3.4,26.33,1.62,11.28672725292679,0.9932517730102833,545.3439281774392
9.2,94.5,4.3,13.24,2.39,11.135406208512462,0.6418538861723948,483.735464897913
9.9,94.9,2.9,14.49,2.74,11.065888080951105,0.0,445.1965857910413
5.4,97.6,2.0,24.22,1.14,11.53769612329544,0.09531017980432487,589.7457079114693
10.5,95.5,3.7,17.7,2.08,11.209208857039007,0.4054651081081644,496.58836071740546
15.6,96.3,4.3,21.66,1.97,11.036742784647778,0.09531017980432487,477.28398255126893
13.5,96.9,4.2,20.31,1.88,11.199227905315166,0.4054651081081644,442.60591952661457
12.7,96.9,1.9,15.1,1.37,11.177536641245258,0.18232155679395465,494.9747468305833
11.7,93.5,2.5,10.1,2.46,11.08722193462106,0.0,447.7722635447622
13.7,95.5,4.8,13.68,4.83,11.021722713783415,0.09531017980432487,456.8369512200168
8.1,96.4,3.8,28.3,1.65,11.429706886219295,0.262364264467491,581.3776741499453
9.9,96.5,2.4,22.81,1.63,11.308517795711168,0.5306282510621704,573.0619512757761
15.5,96.5,6.2,13.02,3.67,10.9897741915136,0.09531017980432487,382.6225293941798
11.6,96.1,5.4,11.91,2.44,11.134778787266075,0.7884573603642702,481.97510309143564
12.9,95.9,4.4,13.21,2.81,11.036388540150964,0.0,427.3172123844299
15.6,92.5,3.7,15.28,2.68,11.103813715941866,0.4054651081081644,461.7358552246078
15.3,97.1,3.3,26.26,2.39,11.335639209740814,1.6486586255873816,600.3332407921454
20.5,94.6,7.0,16.11,3.34,10.955724259582695,0.9932517730102833,421.070065428546
6.2,96.5,3.1,22.66,3.02,11.48052623252355,0.6931471805599453,591.100668245266
15.6,93.2,3.7,22.09,2.49,11.101175649394925,1.2237754316221157,525.6424640380569
4.8,98.2,1.9,35.25,1.21,11.772061447214485,0.6931471805599453,675.7958271549181
14.4,97.4,3.9,25.92,3.43,11.169617920769221,0.5877866649021191,517.3006862551025
8.5,94.8,4.2,19.92,4.79,11.239146297687439,0.0,576.541412215983
5.8,95.7,2.7,29.38,1.83,11.511224018330472,0.6931471805599453,619.3545026880809
10.1,96.1,3.3,33.07,3.36,11.447511894421902,1.5040773967762742,621.7716622683926
7.9,97.8,3.0,27.77,1.63,11.383454389518654,1.4586150226995167,578.7918451395112
11.6,95.1,3.3,26.74,3.65,11.262050939917708,1.5040773967762742,565.3317610041028
11.3,95.3,2.0,13.93,2.35,11.30780599950027,0.33647223662121295,549.6362433464518
13.3,96.6,3.0,20.38,3.99,11.11645478544164,1.0296194171811581,486.51824220680567
5.7,97.2,2.6,26.01,1.0,11.5729004640628,0.33647223662121295,628.2515419798028
4.4,96.2,1.6,20.85,1.1,11.524992366188366,0.262364264467491,605.2272300549604
11.2,94.9,3.3,19.48,2.68,11.221355845791255,0.6931471805599453,537.1219600798314
4.8,97.9,2.7,31.19,1.31,11.614841053675127,0.4700036292457356,644.2825467137845
5.2,97.0,1.4,23.53,1.13,11.554729377251412,0.33647223662121295,595.9865770300536
9.2,90.9,2.3,17.16,1.19,11.308186505332124,0.09531017980432487,524.7856705360771
17.3,86.7,3.0,18.84,3.03,10.86201367960904,0.0,411.58231254513356
15.6,88.2,5.1,16.97,2.05,10.935942232273353,0.33647223662121295,462.4932431938871
20.4,88.6,6.4,17.11,1.66,10.837696784912628,0.262364264467491,405.2159917870962
12.4,89.4,7.4,17.38,0.62,11.11946797598634,0.0,444.97190922573975
19.1,84.2,2.2,13.67,1.35,10.789380930682695,0.0,400.0
14.7,89.9,2.8,20.46,1.63,10.99735527017348,0.0,481.7675788178362
25.6,90.2,7.6,11.31,0.82,10.83055995277496,0.0,381.57568056677826
12.5,91.5,4.2,16.21,1.92,11.130683597771489,0.0,442.944691807002
8.4,92.1,3.0,27.87,0.55,11.274465209544125,0.0,584.3800133474792
9.3,93.5,3.6,18.79,0.24,11.14487174186021,0.33647223662121295,490.3060268852505
15.5,94.6,3.0,23.76,0.77,11.145016223388499,0.832909122935104,521.9195340279955
15.4,91.2,2.6,12.31,1.55,11.017809134909417,0.4054651081081644,408.0441152620633
12.8,92.7,1.9,18.79,0.86,11.128644382529194,0.18232155679395465,472.54629402842636
6.0,94.3,3.9,19.81,1.51,11.347744170993863,0.0,542.5863986500215
6.3,94.3,3.8,20.81,1.12,11.299497068342589,0.33647223662121295,557.4943945906541
8.2,93.9,2.5,23.42,1.58,11.343061983098302,0.0,532.1653878260029
7.6,94.9,3.8,23.42,1.26,11.217412813403259,0.09531017980432487,478.22588804873374
10.2,92.4,4.1,18.12,0.92,11.13371272800613,0.0,479.4788837894741
14.5,91.8,2.5,17.27,1.86,10.993714784669798,0.4054651081081644,481.04053883222775
11.7,90.4,3.4,21.61,2.4,11.098243007312455,0.7419373447293773,477.59815745038213
16.3,88.5,3.7,16.63,1.5,10.89875580959371,0.09531017980432487,420.83250825001625
9.7,94.7,3.3,16.99,1.8,11.312558056845157,0.262364264467491,484.8711168960263
6.2,95.5,2.5,30.92,2.22,11.441332788345242,0.5877866649021191,597.0762095411271
5.5,96.1,2.2,25.06,0.56,11.496694451859812,0.18232155679395465,570.6137047074842
14.7,94.0,5.2,10.98,1.3,10.915851809156347,0.0,425.55845661906426
9.7,94.7,4.1,26.81,1.02,11.307634110687353,0.7884573603642702,521.9195340279955
19.6,94.4,4.7,24.58,1.74,10.937472427226925,1.7749523509116738,439.089968002003
11.5,94.2,2.2,18.79,2.36,11.104265257965523,0.09531017980432487,535.2569476429054
9.7,89.8,2.1,23.07,0.64,11.215516236759866,0.09531017980432487,755.5130707009641
9.6,92.9,2.4,27.82,0.82,11.420349543671822,0.5306282510621704,831.3843876330611
8.7,91.0,2.0,23.42,1.27,11.256806656974566,0.09531017980432487,616.0357132504575
11.3,93.4,2.3,24.94,2.65,11.204074231940831,0.7419373447293773,698.7846592477542
9.4,91.0,3.1,19.74,1.41,11.140614629394223,0.4700036292457356,598.9156868875618
12.0,92.8,2.9,25.73,1.99,11.257478222651805,0.4054651081081644,524.1183072551463
11.2,95.1,2.9,26.3,1.8,11.165309365519843,0.6931471805599453,526.9724850502159
4.7,96.0,2.0,24.13,1.27,11.532061203278705,0.262364264467491,567.8027826631356
12.7,88.4,4.9,17.76,3.0,11.226109683846405,1.2237754316221157,661.7401302626281
9.7,91.3,3.7,21.39,1.94,11.340748279608292,0.6931471805599453,738.3088784512888
8.2,95.4,1.0,19.49,1.61,11.489574951361979,0.4054651081081644,641.7943595888016
8.3,94.8,2.6,21.11,1.54,11.3999135294927,0.4054651081081644,572.8874234961002
9.5,95.1,3.4,21.41,2.13,11.31519377971671,0.4054651081081644,595.6509044734172
5.8,95.0,2.1,25.46,1.71,11.549517726769817,0.6418538861723948,655.972560401729
7.7,97.1,2.6,22.24,2.3,11.43073879398228,0.18232155679395465,610.0819617067857
5.4,96.0,3.0,27.02,1.36,11.606142546681362,0.5877866649021191,720.1388754955533
9.7,95.0,3.3,22.3,1.34,11.348864170167783,0.6418538861723948,616.2791575252242
11.7,93.3,6.4,21.17,1.62,11.252248775746288,1.8718021769015913,551.1805511808268
6.6,94.5,4.1,32.0,1.64,11.667438936123611,2.653241964607215,784.4106067615353
6.8,96.4,4.1,25.64,1.63,11.537930223959794,1.0647107369924282,598.3310120660636
12.5,93.9,4.8,22.02,2.85,11.33574666152193,1.7404661748405046,543.0469592954186
8.2,97.1,4.7,23.81,1.0,11.342896049305505,1.0986122886681098,689.0573270780886
17.5,88.1,6.2,11.89,3.93,11.080726161659427,0.9555114450274363,469.5742752749558
14.2,88.8,6.8,22.21,3.51,11.295552730416444,2.975529566236472,723.0490993010087
8.9,96.4,4.1,22.58,1.6,11.487340954757395,0.6418538861723948,563.826214360418
15.5,89.8,4.4,29.92,2.84,11.399443167865536,3.6270040503958487,729.314746868593
4.9,97.5,3.3,34.83,0.44,11.829741492147074,0.7884573603642702,711.3367697511496
10.8,90.3,5.9,22.18,1.79,11.473685551632625,1.916922612182061,625.2199612936234
8.7,91.9,5.4,25.28,1.74,11.56223930152315,2.0149030205422647,689.3475175845634
6.4,95.0,4.1,30.83,1.39,11.678507697759885,1.9600947840472698,792.4645102463579
4.6,96.0,3.8,33.44,1.55,11.809906666190107,1.62924053973028,760.0657866263946
10.3,96.0,3.5,21.48,0.99,11.355850513625724,0.5306282510621704,638.7487769068525
14.1,88.2,4.6,19.36,2.17,11.324485227168097,2.0918640616783932,682.4221567329126
8.8,94.7,4.3,17.77,3.58,11.377037010943443,0.5877866649021191,499.49974974968706
5.3,95.7,3.8,30.46,1.11,11.864230014118958,1.7227665977411035,746.0562981437795
4.9,96.8,3.7,26.08,1.5,11.615346665069376,0.9555114450274363,606.2177826491071
8.5,87.8,5.4,21.4,3.17,11.524320296584103,2.5416019934645457,722.841614740048
9.2,95.6,3.9,25.39,2.16,11.51823136376041,0.9932517730102833,592.0304046246274
13.9,91.9,4.4,19.46,3.73,11.132718663076158,0.7884573603642702,550.8175741568165
20.7,89.6,5.6,17.74,3.47,10.941128284212754,0.4700036292457356,477.4934554525329
18.0,84.2,2.1,9.08,2.72,10.928381536709955,0.0,444.07206622349037
38.2,81.1,10.9,6.37,1.61,10.599331094643816,0.18232155679395465,266.45825188948453
20.8,89.1,5.0,12.6,5.32,10.834903322155352,0.09531017980432487,392.6830783214372
13.1,94.8,4.5,19.14,1.63,11.314791549160047,0.4054651081081644,569.2978130996113
21.1,88.3,6.1,11.95,2.67,10.956474663177962,0.18232155679395465,449.1102314577124
12.4,89.7,4.7,20.83,2.28,11.273792257736359,0.4700036292457356,696.6347680097513
18.9,91.5,5.3,12.57,2.06,10.908978929868585,0.0,482.3898838076935
13.2,96.9,4.4,22.92,2.11,11.306331707200554,1.6486586255873816,539.7221507405454
27.9,93.3,9.3,14.49,10.55,10.754450118251796,3.979681653901961,705.8328414008517
17.2,96.4,4.9,18.13,3.16,11.064698982960758,1.308332819650179,393.82737335030436
20.6,94.6,5.0,11.56,4.34,10.901358271402707,0.18232155679395465,324.8076353782343
13.5,95.7,2.9,13.23,4.18,11.099922014823763,0.18232155679395465,402.11938525766203
16.9,94.3,6.2,11.92,3.15,10.919333984679737,0.262364264467491,352.9872518944558
18.1,96.0,5.6,16.0,3.17,10.99569604728103,1.2237754316221157,373.6308338453881
13.9,97.4,1.8,14.22,2.68,11.046387822247667,0.18232155679395465,415.9326868617084
7.2,95.9,4.1,20.22,2.05,11.48065017641844,1.547562508716013,628.8083968904996
14.1,97.0,3.4,20.68,3.02,11.16325450718426,1.33500106673234,491.8333050943175
12.7,93.4,4.6,13.14,3.31,11.026987556712017,0.18232155679395465,429.1852746774987
19.0,95.0,5.8,25.19,4.86,11.250417190133742,3.966511190712216,938.2430388763884
10.9,94.7,4.1,14.48,2.18,11.213508136300026,0.262364264467491,424.9705872175156
13.2,97.0,4.3,22.56,3.69,11.201100961883556,1.0986122886681098,466.1544808322666
5.4,96.1,4.0,26.12,1.69,11.860535446001897,2.70805020110221,821.0968274204937
16.5,96.0,7.0,34.07,3.57,11.523647774998503,3.9160150266976834,1005.3854982045444
14.4,95.9,4.4,15.21,2.46,11.095514285843663,0.6931471805599453,435.54563480765137
16.1,96.7,4.4,15.49,3.16,11.02056170079192,0.09531017980432487,433.93547907494263
13.8,97.2,3.7,21.87,3.29,11.221288917210718,1.0296194171811581,449.8888751680797
7.6,96.5,2.5,21.25,2.9,11.282883171964862,0.5306282510621704,477.4934554525329
13.0,95.0,5.1,17.66,2.41,11.454914923466722,1.589235205116581,625.939294181153
14.9,94.9,5.6,13.63,4.45,11.157335646355712,0.5306282510621704,391.7907604831947
8.8,96.5,2.6,25.59,0.65,11.718124980736077,1.8562979903656263,694.4782214007867
13.7,92.2,5.0,22.16,4.71,11.313608297520057,3.8199077165203406,832.1658488546619
13.1,95.6,4.6,19.55,2.02,11.341876137214152,1.0986122886681098,507.5431016179808
13.2,96.0,4.6,22.13,3.91,11.467331686911509,3.250374491927572,820.0
16.4,94.6,3.1,22.26,1.42,11.576735595896047,2.128231705849268,774.9193506423749
20.4,96.1,3.0,12.83,5.46,10.948558407609319,0.832909122935104,360.8323710533743
7.2,97.5,2.4,24.49,1.49,11.454554551643898,0.4054651081081644,590.592922409336
15.0,98.1,4.5,17.99,2.24,11.224829973739347,1.0647107369924282,492.64591747014407
14.5,96.3,4.0,13.2,2.0,11.070350214885682,0.33647223662121295,370.1351104664349
6.8,95.4,3.6,21.32,2.48,11.728399681979532,1.9600947840472698,764.7221717722065
12.8,95.5,3.7,15.7,1.95,11.148405543793823,1.0647107369924282,523.2590180780452
15.9,94.3,4.7,22.93,2.14,11.116127686803617,2.186051276738094,512.9327441292864
12.6,92.9,4.7,21.27,2.24,11.360682963412271,1.252762968495368,611.0646446980876
10.1,96.9,2.5,21.45,2.03,11.20914111049236,0.5306282510621704,515.0728103870365
11.4,94.5,2.0,15.67,4.34,11.199104734908753,0.09531017980432487,416.6533331199932
9.2,95.2,5.3,26.81,2.68,11.6479544855899,2.975529566236472,803.5546029984521
12.1,90.9,4.5,18.44,3.73,11.091833897226048,0.09531017980432487,514.9757275833493
10.5,93.5,4.9,21.83,0.78,11.24139229425782,0.6931471805599453,600.0833275470999
13.4,89.6,3.1,27.09,1.26,11.17780231791831,0.262364264467491,652.6867548832288
17.7,88.7,4.0,14.33,0.43,10.891894273883212,0.09531017980432487,460.9772228646444
9.4,93.3,4.1,21.01,1.5,11.359890828801166,0.4054651081081644,611.8823416311342
12.9,87.5,2.3,11.49,1.37,10.928919643662725,0.0,453.2107677449864
9.8,94.0,2.9,23.52,1.63,11.26774078277914,0.0,585.6620185738528
11.9,90.0,2.2,17.38,0.76,11.069976534440391,0.09531017980432487,507.0502933634887
8.1,91.7,3.3,24.43,0.92,11.484721444597152,0.262364264467491,665.432190384565
17.6,93.7,3.1,17.81,2.17,11.037885173007027,0.0,477.80749261601164
17.6,91.6,6.5,15.62,1.64,10.992032670192192,0.0,479.06158268013934
15.1,91.7,6.5,16.28,2.95,11.029114957944724,0.262364264467491,463.24939287601876
15.1,91.1,4.0,15.08,2.01,11.053885514353468,0.0,481.7675788178362
9.8,89.2,3.1,30.44,0.76,11.308910294091017,1.0296194171811581,647.4565622495459
15.2,89.7,4.8,25.11,1.72,11.083095940409448,0.6418538861723948,517.4939613174245
10.1,92.4,2.9,16.13,0.55,11.164048608190255,0.4700036292457356,539.0732788777422
13.5,89.3,3.1,18.74,1.57,11.111043928193418,0.33647223662121295,533.2916650389353
15.0,92.0,3.5,21.01,2.27,11.088476294450217,0.6931471805599453,519.6152422706632
14.1,90.0,5.2,17.12,1.59,11.165691528424968,0.0,534.1348144429456
10.4,87.9,2.5,22.27,2.39,11.034470221234688,0.0,609.9180272790762
9.1,90.7,3.1,22.74,1.54,11.353906286546042,0.0,596.7411499134278
10.9,89.6,4.1,20.86,1.17,11.284668864269195,0.0,569.6490147450446
17.3,88.6,3.7,14.84,2.7,11.00443045654252,0.0,491.121166312347
12.5,91.8,2.0,20.75,1.87,11.261588179285237,0.0,592.1992907797172
10.0,88.6,3.4,31.29,1.16,11.345606799854195,0.9932517730102833,664.7555941848102
10.7,93.7,3.5,25.52,1.02,11.265194608020675,0.33647223662121295,607.5360071633614
12.6,88.3,3.3,14.44,1.01,11.099241675837533,0.09531017980432487,459.12961132995986
12.0,91.0,3.8,29.49,1.39,11.284103320924077,0.262364264467491,627.7738446287804
11.5,92.7,4.6,12.67,1.82,11.121318882348067,0.0,503.0904491242107
11.6,92.5,2.8,25.31,0.59,11.36652302320156,1.6863989535702288,685.784222623997
11.2,91.2,5.4,20.71,1.96,11.177270893969352,0.09531017980432487,561.8718715152058
20.2,91.0,7.8,17.61,0.75,11.001199435961073,0.5306282510621704,473.392015141785
17.3,90.6,5.1,12.92,4.69,10.938627418248664,0.0,463.89654018972806
28.1,87.1,4.7,8.84,0.36,10.621229779951454,0.18232155679395465,295.1270912674741
12.2,91.3,6.3,11.92,3.19,10.992621732170127,0.0,418.21047332652967
15.2,92.2,5.1,15.58,0.72,11.095954416675863,0.0,523.1634543811332
13.8,88.6,5.8,12.75,0.29,10.769684270598214,0.09531017980432487,455.9605246071199
9.6,94.5,2.5,15.21,1.58,11.08913344016918,0.33647223662121295,485.59242168715934
13.1,90.5,4.3,14.64,4.95,10.973202986493744,0.262364264467491,426.38011210655685
8.8,92.9,3.2,24.71,0.93,11.494914232168377,0.262364264467491,668.2813778641449
7.1,93.3,3.4,33.59,0.79,11.54168783363788,0.5306282510621704,694.3342134735981
17.5,87.3,8.0,14.02,1.1,10.923435350020556,0.4054651081081644,426.38011210655685
17.3,89.3,5.3,12.06,0.65,10.75837085628092,0.09531017980432487,427.3172123844299
19.8,88.5,6.4,12.02,2.59,10.844412358701955,0.0,460.65171225124084
7.5,96.4,2.3,26.67,1.28,11.35242802030629,0.0,556.327241828045
9.9,96.3,3.6,26.38,1.02,11.208327793742002,0.18232155679395465,541.9409561935691
13.3,97.6,3.2,18.27,1.9,11.191838269325892,0.09531017980432487,507.34603575863287
4.1,93.6,1.6,20.29,1.6,11.189547127860173,0.4700036292457356,501.7967716117751
13.7,94.5,5.2,11.9,1.25,11.11081970791848,0.262364264467491,424.0283009422838
19.3,93.2,4.2,11.15,2.64,10.960878461384734,0.4054651081081644,401.9950248448356
15.0,95.0,4.4,13.48,2.65,10.939532708935408,0.0,389.23000912057125
11.9,94.3,3.4,18.22,1.95,11.291467991427675,0.4054651081081644,524.4997616777342
15.3,94.2,5.6,10.87,2.41,10.966645360219836,0.4054651081081644,416.89327171351664
8.7,94.5,2.5,19.21,2.4,11.304337958540021,0.262364264467491,528.8667128870941
16.0,93.3,4.0,10.58,1.92,10.8865954574476,0.33647223662121295,404.5985664828782
15.7,94.5,5.8,20.46,2.19,11.032661376786582,1.4586150226995167,444.8595283907045
5.5,96.1,2.5,32.24,0.46,11.748100348667986,0.18232155679395465,678.675180038286
12.6,97.1,3.5,18.49,1.6,11.02919606686594,0.8754687373538999,443.8468204234429
8.0,95.0,2.4,18.15,1.81,11.347567214294704,0.262364264467491,561.0704055642215
15.0,91.2,3.9,25.14,1.41,11.179967047648812,1.0296194171811581,548.6346689738081
6.2,88.6,3.1,21.55,1.28,11.505951201232891,0.18232155679395465,564.6237685397242
9.7,94.7,2.7,20.63,1.1,11.336975565983122,0.5306282510621704,515.26692111953
13.3,94.5,4.3,24.2,1.7,11.134866358052516,1.252762968495368,500.49975024968796
11.3,97.1,1.8,19.86,0.31,11.166709916066024,0.262364264467491,456.61800227323494
11.1,95.9,3.6,20.79,1.71,11.192995644968327,0.4700036292457356,466.47615158762403
9.5,94.5,3.3,17.45,1.15,11.238172779922788,0.18232155679395465,526.6877632905477
10.6,95.6,3.6,16.79,2.17,11.231371245484562,0.09531017980432487,473.0750469005948
18.2,94.8,5.8,16.37,3.63,11.0091747548762,0.832909122935104,410.3656905736638
19.8,94.7,4.3,15.61,2.07,10.853947800180379,0.832909122935104,392.8103868280471
16.9,94.8,5.3,6.91,3.71,10.89664672866686,0.5877866649021191,392.17343102255154
9.1,95.6,2.9,22.46,1.01,11.403635015004319,0.18232155679395465,533.6665625650534
10.5,95.5,4.7,16.64,3.37,11.230111523915308,0.4700036292457356,505.47007824400447
15.2,93.6,5.1,18.0,1.72,11.042121515553724,0.6418538861723948,429.0687590584987
19.5,94.4,4.9,12.78,2.79,10.944717872966102,0.0,430.0
13.6,96.0,2.8,18.91,1.11,11.201223886674228,0.9555114450274363,479.3745925682754
14.0,92.7,6.4,11.82,2.93,10.94489436743346,0.7419373447293773,420.47592083257274
18.1,93.6,3.8,12.93,0.5,11.013138688319454,0.18232155679395465,420.9513035969838
17.2,96.6,6.5,11.68,3.61,10.862052024637613,0.09531017980432487,404.22765862815476
12.1,94.9,3.1,16.95,2.02,11.05318894808027,0.6418538861723948,434.1658669218482
12.7,95.0,4.6,22.91,2.37,11.150189331938535,0.6418538861723948,458.8027898781785
17.6,92.6,3.6,13.33,3.15,10.839894587995108,0.4054651081081644,378.02116342871597
15.8,91.3,3.1,11.95,1.92,11.012116176479726,0.0,430.69710934716056
5.0,96.8,0.5,21.41,2.47,11.532414317554075,0.8754687373538999,599.0826320300064
5.9,95.2,3.1,27.22,0.77,11.585627449185973,0.18232155679395465,603.90396587537
8.3,87.7,2.3,15.55,1.47,11.143324481431074,0.09531017980432487,467.8675026115834
9.8,96.4,3.4,19.57,1.03,11.197488429047741,0.262364264467491,478.9572005931219
7.8,91.1,2.8,21.35,1.45,11.36281162612522,0.0,510.29403288692293
13.3,91.5,3.7,18.02,1.9,11.21848728802144,0.262364264467491,495.6813492557492
20.0,91.2,7.8,14.71,2.43,10.945635304223112,0.33647223662121295,401.1234224026316
16.0,90.3,3.1,12.13,1.81,10.930550132364163,0.0,435.2011029397789
21.1,88.8,5.9,10.69,7.54,10.868263640225607,0.4054651081081644,396.6106403010388
16.0,87.7,5.2,22.54,2.8,11.09662183168107,0.33647223662121295,492.64591747014407
23.9,90.4,3.7,21.16,2.11,10.939710120850858,0.4700036292457356,476.7598976424087
17.3,88.0,2.7,13.05,3.78,10.943393170609585,0.0,418.33001326703777
9.2,90.5,3.4,17.5,1.25,11.159103590013903,0.18232155679395465,497.49371855331
15.2,87.7,4.9,21.0,2.23,11.089484759529727,0.4054651081081644,488.4669896727925
10.6,90.1,3.9,16.3,1.58,11.294421135804443,0.09531017980432487,490.0
18.4,96.8,5.5,25.73,2.63,11.198858348573735,0.8754687373538999,733.5529974037322
6.6,95.7,2.6,24.65,2.71,11.519652785719655,0.7419373447293773,778.0745465570764
8.6,95.3,3.2,29.34,2.35,11.484145259543503,0.262364264467491,814.0638795573723
16.3,95.2,4.0,11.37,4.31,11.016807813409786,0.9555114450274363,571.7516943569123
12.2,94.0,4.3,17.3,2.01,11.179771716072842,0.5306282510621704,656.8865959965997
13.9,94.1,6.2,13.0,4.91,11.069291090744562,0.5306282510621704,631.9810123729984
20.7,95.8,7.0,11.67,3.51,10.869463286188333,0.0,521.248501196886
14.7,94.8,5.6,18.3,3.47,11.16157915574956,0.9932517730102833,661.9667665374146
15.7,94.6,3.8,15.53,2.8,11.164048608190255,0.0,631.1101330195863
14.3,90.3,4.6,17.78,3.01,11.203910795415128,0.8754687373538999,655.2861970162351
12.9,95.3,3.8,29.79,3.5,11.333595429112227,1.9021075263969205,737.360156233031
12.8,95.3,7.2,17.86,4.18,11.293873531559273,0.4054651081081644,683.0080526611674
18.9,91.2,2.8,12.46,2.86,11.011753098232376,0.5877866649021191,546.9917732470938
8.0,95.1,3.6,28.78,3.18,11.549382747980566,1.3862943611198906,767.4633541739958
10.6,94.1,6.1,20.79,2.88,11.398187787499806,0.18232155679395465,686.9497798238237
9.9,94.3,3.1,13.37,2.14,11.247982879487937,0.262364264467491,524.6903848937962
11.7,96.4,3.9,26.11,2.26,11.246548159012276,1.9878743481543455,481.97510309143564
11.0,96.3,2.9,13.34,4.0,11.032240998116224,0.0,397.2404813208241
9.7,96.5,3.0,20.26,3.61,11.108979202831334,0.4700036292457356,437.1498598878879
12.3,92.4,5.0,16.09,2.87,11.234203133889919,0.832909122935104,511.0772935672255
14.7,94.0,3.4,13.94,3.0,10.896776361897594,0.832909122935104,396.23225512317896
6.7,96.9,3.5,25.52,2.46,11.582647403956205,1.2237754316221157,671.4908785679818
9.5,96.8,4.1,22.38,2.61,11.294508227020106,0.18232155679395465,544.3344560102731
12.5,97.0,3.8,13.97,4.01,10.9285968142394,0.5306282510621704,348.99856733230297
12.5,94.5,6.1,10.13,2.56,11.070210101081909,0.4700036292457356,455.9605246071199
18.7,95.1,3.6,18.96,1.11,11.143324481431074,1.410986973710262,568.242905807015
6.1,96.1,3.0,31.68,2.14,11.702743850190807,0.9932517730102833,699.6427659884721
16.0,92.5,3.5,13.15,4.82,11.013880179739768,0.09531017980432487,380.9199390948182
10.9,96.1,5.7,14.99,1.35,11.061672929961361,0.09531017980432487,473.2863826479693
12.2,91.8,2.9,13.23,4.0,11.015295724631633,0.0,387.94329482541644
7.9,93.5,2.7,23.77,2.05,11.316594229307174,0.262364264467491,534.0411969127475
13.3,93.2,4.4,22.0,5.43,11.214115034730604,0.6418538861723948,489.69378186781177
10.9,95.3,5.9,22.16,2.53,11.33958347095685,2.0014800002101243,577.7542730261715
14.6,96.6,3.8,17.07,3.97,11.01308923600384,0.7884573603642702,423.3202097703345
19.8,96.6,3.6,11.98,4.95,10.906377909975262,0.4700036292457356,379.86839826445157
7.2,90.9,4.8,13.41,2.72,11.2368425283618,0.0,498.8987873306569
16.3,91.1,5.3,14.33,3.14,10.959627179526683,0.18232155679395465,390.6404996924922
17.0,95.3,3.2,17.29,3.87,10.933142683365261,0.262364264467491,448.2186966202994
8.4,89.1,3.2,18.97,2.85,11.29061906314858,0.6418538861723948,553.9855593785817
13.0,96.4,4.3,15.88,4.09,11.046977599982323,0.9555114450274363,388.329756778952
7.5,90.8,2.2,15.51,4.35,11.274972798002311,0.18232155679395465,485.1803788283281
12.6,93.7,4.9,20.36,5.18,11.245150589510425,0.5877866649021191,564.5352070508977
17.2,93.5,4.5,14.22,3.42,11.00841320326083,0.4700036292457356,424.1462012089699
12.4,95.1,4.7,17.07,3.27,11.037064716240096,0.5877866649021191,453.7620521815371
11.5,93.4,4.6,15.68,3.22,11.029536652514357,0.09531017980432487,408.41155713324275
8.9,94.0,6.7,17.22,3.82,11.17165975800495,1.589235205116581,524.6903848937962
7.0,95.8,3.4,28.81,1.87,11.578226195552364,1.547562508716013,667.0832032063167
9.6,95.4,4.4,19.73,2.43,11.341294558984393,0.7884573603642702,559.2852581643825
11.2,96.2,3.1,12.43,3.82,10.986072080127041,0.09531017980432487,405.33936399022485
20.3,92.9,6.2,19.59,4.84,11.007120549661101,2.8735646395797834,496.58836071740546
14.8,94.2,5.6,12.45,5.89,11.070941590161643,0.18232155679395465,386.78159211627434
10.9,95.6,5.2,9.7,3.17,11.010646547172705,0.18232155679395465,380.39453203220467
8.9,96.3,3.1,18.7,2.65,11.257387845845015,0.5306282510621704,482.90785870598546
10.9,97.4,3.6,19.29,2.66,11.171575350824662,0.5877866649021191,451.22056690713913
8.4,95.5,3.9,17.66,2.89,11.306663612524535,0.6418538861723948,507.5431016179808
8.7,96.7,3.3,23.93,2.05,11.427596308617355,0.8754687373538999,605.6401571890689
12.3,94.4,4.3,28.04,0.99,11.560572118437582,0.33647223662121295,796.0527620704547
11.9,94.9,5.9,19.44,3.62,11.25376605945165,1.2237754316221157,614.5730225123781
9.2,97.6,2.6,28.85,1.57,11.533786355637558,0.7419373447293773,735.8668357794093
13.8,91.5,4.5,20.84,0.68,11.119586536659904,0.4700036292457356,472.65209192385896
13.5,91.3,3.0,16.35,1.29,11.076666041688654,0.0,500.49975024968796
9.0,92.3,2.3,27.21,0.46,11.303573865924402,0.09531017980432487,683.0812543175226
9.1,91.5,4.1,20.63,1.54,11.331067800561561,0.09531017980432487,574.8043145279966
10.3,92.1,2.9,30.36,0.58,11.397323798397402,0.5877866649021191,714.7726911403373
10.4,88.6,3.4,18.89,0.67,11.266218975243431,0.18232155679395465,571.9265687131522
19.2,90.5,6.1,12.94,1.2,10.896998551203797,0.4054651081081644,416.17304093369626
11.9,89.7,3.2,18.83,0.0,11.174833917973366,0.0,567.626637852735
11.3,90.2,3.7,25.38,1.03,11.242873727454583,0.18232155679395465,571.0516614107694
16.8,92.1,2.2,15.44,0.62,10.940578984555987,0.0,437.37855457258075
13.0,90.9,3.5,18.29,1.13,11.141687855411291,0.6931471805599453,562.8498911788115
11.6,90.4,7.2,13.43,1.33,11.175702946958312,0.18232155679395465,471.59304490206387
10.8,90.9,5.0,21.11,0.45,11.211036281083421,0.09531017980432487,578.1868210189506
15.7,89.1,5.1,9.32,1.23,10.940118048848356,0.0,415.57189510360297
11.2,93.1,4.2,19.94,0.92,11.244352969253042,0.09531017980432487,493.4571916590131
17.4,89.9,5.9,16.86,1.8,11.114296934121052,0.0,504.9752469181039
20.2,90.6,5.7,8.02,0.95,10.85636090547197,0.0,351.2833614050059
18.3,89.4,2.3,15.41,1.22,10.952734511658909,0.0,490.3060268852505
16.1,91.0,6.1,21.47,0.87,11.019923387227362,0.4054651081081644,496.8903299521938
14.1,89.9,4.3,15.12,1.64,11.065058990790902,0.18232155679395465,490.5099387372289
17.0,90.0,7.8,11.87,0.93,10.932785489476622,0.33647223662121295,436.3484845854286
9.7,92.6,3.2,24.56,1.28,11.306589865305385,0.4054651081081644,619.3545026880809
2.0,97.5,1.8,28.93,1.06,11.492875807164525,0.0,599.8333101787529
10.3,92.8,2.3,24.8,1.54,11.175016196312894,0.5306282510621704,544.9770637375485
11.8,90.3,2.0,21.89,1.86,11.22381570719392,0.33647223662121295,559.4640292279746
15.2,95.2,3.8,18.8,1.78,10.962180217202993,0.0,493.65980188789933
8.8,92.9,2.1,17.45,1.08,11.270904857886329,0.18232155679395465,590.1694671871801
16.8,91.2,6.2,14.01,2.1,11.02038170488225,0.0,516.7204273105525
11.7,89.1,3.1,30.71,1.66,11.294508227020106,0.9932517730102833,661.5889962809237
14.0,88.2,3.1,11.08,2.37,10.901561015825624,0.0,466.1544808322666
20.6,88.8,3.1,13.33,2.18,10.882001627590414,0.0,488.2622246293481
12.6,91.2,4.2,21.55,1.17,11.206549750071193,0.4054651081081644,577.8408085277467
14.0,91.0,3.5,23.96,2.17,11.160029087534845,0.5877866649021191,599.1660871578097
20.3,89.2,6.0,13.94,0.86,10.98022907678602,0.5306282510621704,474.8684028233506
11.0,92.6,3.4,20.77,3.44,11.193422433528612,0.09531017980432487,615.7921727336261
13.9,89.5,5.4,18.28,2.94,11.23004517880127,0.262364264467491,552.4490926773253
19.6,89.3,3.4,15.45,4.07,10.939656900581019,0.5306282510621704,538.6093203798092
9.5,90.5,3.0,13.7,0.17,11.330863874382132,0.0,596.4897316802695
9.0,90.8,2.8,24.29,0.75,11.309927619348976,0.18232155679395465,637.730350540101
12.8,84.6,3.4,13.19,1.71,10.996500862803757,0.0,549.9090833947008
17.7,88.4,6.5,18.72,1.65,11.041528865992477,0.4054651081081644,520.5766033928148
12.8,92.3,4.8,17.43,1.22,10.941659577392821,0.262364264467491,480.10415536631217
9.0,94.0,2.0,22.44,0.77,11.363043992428505,0.0,641.7943595888016
18.1,89.5,3.9,17.68,0.63,11.014176622429687,0.18232155679395465,510.6858133921482
5.7,96.4,1.8,35.91,0.47,11.805520449282653,0.09531017980432487,881.9297024139736
5.5,94.6,1.9,23.15,0.36,11.47388313590556,0.4054651081081644,689.2749814116279
17.7,85.1,3.5,9.36,1.89,10.948417730954377,0.0,409.1454509095757
11.3,81.4,5.9,13.29,0.98,11.245333560170282,0.0,563.0275304103699
11.2,87.2,5.2,17.32,1.76,11.154677856471174,0.33647223662121295,512.1523210920751
14.7,85.2,4.6,18.86,1.92,11.153489570255058,0.9555114450274363,526.3078946776307
12.5,90.1,4.2,13.87,1.76,10.882039213803797,0.0,400.8740450565489
8.5,87.6,4.3,17.15,1.54,11.4476399982716,0.09531017980432487,551.9963767997033
24.6,88.4,5.1,21.0,1.2,10.880365258459227,1.252762968495368,556.1474624593733
23.5,76.5,5.6,13.07,1.78,10.863029326404599,0.33647223662121295,392.6830783214372
6.6,90.3,3.3,31.6,0.94,11.688180445557464,0.5306282510621704,716.3099887618488
7.0,90.3,3.3,27.86,0.79,11.504822726267042,0.0,682.5686778632609
9.4,91.9,4.9,14.58,1.83,11.232669087012253,0.18232155679395465,464.86557196677836
13.7,78.8,4.2,21.19,1.74,11.216538951888301,0.832909122935104,564.889369699944
6.0,89.6,3.7,30.44,1.42,11.577729575835725,0.4054651081081644,678.4541251993387
9.0,77.2,1.9,11.35,0.94,11.106579969434756,0.18232155679395465,443.28320518603005
6.1,85.6,3.6,16.52,1.0,11.40185981706137,0.0,605.3924347066124
18.5,78.2,4.2,15.38,2.01,10.984801076625908,0.6931471805599453,437.1498598878879
8.9,88.3,3.7,27.0,1.23,11.56590683375813,0.4700036292457356,619.7580172938467
11.2,86.3,4.8,21.79,2.07,11.332769561455455,0.4054651081081644,561.2486080160912
10.2,82.9,2.8,16.53,1.62,11.142137107992992,0.4054651081081644,530.7541803886239
16.3,82.1,4.3,13.19,1.31,11.027913776097217,0.09531017980432487,444.6346815083142
7.7,91.2,3.0,19.13,1.59,11.47161376723159,0.33647223662121295,570.087712549569
16.0,79.7,5.8,19.68,1.82,11.189077209534386,1.0986122886681098,535.8171329847526
18.1,90.1,3.7,15.3,2.0,11.086180539057013,0.0,449.3328387732194
10.5,90.0,4.0,26.23,1.72,11.37705992176308,0.4054651081081644,654.5227268781429
17.8,84.2,5.2,10.9,0.86,10.99189797871964,0.0,460.9772228646444
27.2,74.7,5.6,12.82,1.94,10.890441759661355,0.18232155679395465,388.84444190447164
6.3,85.6,3.6,20.89,0.21,11.298270781051926,0.0,591.6924876994806
12.8,81.8,6.1,13.45,2.57,11.171068758072176,0.0,509.7057974949863
20.3,79.1,5.1,9.72,2.5,10.997505972194011,0.832909122935104,413.52146256270663
10.2,85.1,4.0,16.62,1.43,11.335436213758243,0.09531017980432487,557.584074378026
10.2,84.8,6.1,19.65,2.16,11.41633746910659,0.0,589.0670590009256
12.0,75.7,4.0,6.97,1.45,11.25848472629825,0.0,448.5532298401161
17.6,87.7,3.8,17.49,1.62,10.953417171257096,0.4054651081081644,462.4932431938871
17.1,87.2,3.8,15.65,2.11,11.05962948242707,0.18232155679395465,513.9066063011838
11.7,90.6,2.2,20.28,3.71,11.443243070102374,0.4700036292457356,560.8029957123981
10.7,83.6,4.2,23.42,1.13,11.427814099995857,0.4054651081081644,599.8333101787529
19.3,85.1,5.5,13.98,1.52,10.853561162377853,0.0,448.8875137492688
17.1,84.5,4.3,14.8,1.75,11.067169471278484,0.6931471805599453,462.06060208591686
14.0,81.7,5.9,11.46,2.84,11.090125980925743,0.0,424.85291572496004
8.9,86.0,3.1,19.74,0.95,11.494496693501794,0.0,618.9507250177513
16.3,78.9,3.8,12.35,3.76,10.834528956356191,0.7884573603642702,380.52595180880894
8.3,88.1,2.4,20.89,0.67,11.301463418429856,0.6931471805599453,486.7237409455183
4.3,90.0,4.8,27.41,1.19,11.628483805604501,0.09531017980432487,655.5150646628955
18.3,81.2,4.7,9.65,1.85,11.010299465547192,1.308332819650179,439.5452195167182
13.2,84.0,3.5,17.95,1.77,11.188759198346009,0.18232155679395465,522.2068555658763
29.0,74.5,7.0,8.33,2.07,10.635037804379019,0.0,299.3325909419153
10.9,84.3,3.8,22.18,1.79,11.290319269254635,0.33647223662121295,579.6550698475776
12.5,88.1,3.2,17.16,0.91,11.03191750961342,0.18232155679395465,447.54888001200493
15.0,84.3,3.4,16.44,1.11,10.955497282480218,0.0,445.5333881989093
10.2,89.1,4.0,35.36,1.09,11.48804858540374,0.832909122935104,754.3208866258444
13.1,85.5,4.1,11.32,2.15,11.185462522506603,0.0,449.8888751680797
22.5,86.3,11.9,17.46,2.7,10.91752186472894,0.0,546.4430436925701
22.7,70.7,4.5,14.32,2.3,11.005494074272253,0.4054651081081644,448.1071300481616
18.2,84.5,2.8,15.29,0.74,11.034615432880917,0.18232155679395465,410.0
7.0,90.2,3.1,29.16,0.88,11.612001273160915,0.262364264467491,681.7624219623725
9.2,88.2,5.6,15.7,1.62,11.428673912522637,0.09531017980432487,564.1808220774612
11.4,92.7,2.2,23.49,1.41,11.33493451753672,1.1631508098056809,684.3244844370249
5.9,94.6,2.5,23.14,0.89,11.624270040375196,0.8754687373538999,733.5529974037322
9.4,91.0,3.5,22.73,1.63,11.4557094024098,1.0986122886681098,745.8552138317463
8.1,94.7,1.9,15.77,1.74,11.45318607621936,0.4700036292457356,677.4953874381729
9.0,93.3,3.6,25.81,1.45,11.521835651099984,1.2237754316221157,755.0496672405068
12.3,90.4,4.2,18.6,1.84,11.257775117520932,0.262364264467491,726.7048919609665
8.2,90.9,2.6,18.65,0.95,11.380136653706765,0.6931471805599453,661.2110101926615
7.5,96.9,2.3,28.14,3.23,11.508696535640192,1.1939224684724346,660.3786792439622
8.0,95.0,2.5,27.43,2.03,11.54648595849219,0.5877866649021191,701.9971509913697
6.9,96.4,3.6,39.47,1.19,11.850960765085265,2.884800712846709,922.4424101265075
7.4,91.2,2.7,15.18,1.45,11.175296559665634,0.4054651081081644,541.8486873657627
11.1,93.1,4.1,18.77,3.95,11.204441866489002,0.0,543.2310742216428
6.6,94.4,4.8,27.21,1.71,11.509499603402038,0.4054651081081644,605.8052492344384
6.0,93.8,3.2,30.53,1.17,11.860429484239866,1.7749523509116738,852.7602242131137
5.1,94.0,2.4,26.85,0.4,11.611484905658852,0.7419373447293773,749.7332859090625
7.6,94.7,3.7,19.71,0.9,11.436476292806821,0.0,622.7358990776106
4.7,96.2,1.5,24.89,2.74,11.628421442858203,0.0,636.3961030678928
9.4,92.4,3.4,25.25,1.63,11.359972401048003,0.5877866649021191,601.9966777316964
7.9,96.8,2.8,29.1,0.92,11.60948032438486,0.33647223662121295,670.2984409947558
4.5,95.3,3.6,35.7,1.04,12.067660791375632,1.1631508098056809,857.1464285639881
26.0,96.0,4.2,16.82,1.37,11.128424074537731,1.2809338454620642,550.9083408335728
6.7,91.2,4.3,25.98,1.81,11.783311316463582,1.2809338454620642,729.7944916207575
6.8,96.3,3.9,21.3,1.02,11.299843624444826,0.0,544.7935388750494
11.6,90.4,2.3,13.79,1.32,11.301401642368061,0.18232155679395465,559.1958512006325
5.7,94.9,2.3,20.41,1.17,11.63155258872844,1.0986122886681098,649.4613152451807
4.1,93.6,2.8,23.4,1.34,11.810203845220371,1.1631508098056809,701.78344238091
8.5,98.1,4.6,23.31,1.21,11.526345018629694,0.6418538861723948,643.8944012802099
7.1,91.5,3.6,30.36,0.89,11.610904806663196,2.72785282839839,859.0110593001699
11.2,94.9,3.1,21.79,1.71,11.436400728639315,0.262364264467491,616.5225056719341
12.5,93.4,5.7,18.72,2.57,11.159644754099512,0.6931471805599453,508.3306010855534
20.3,94.2,2.7,22.48,3.3,11.029925751269287,1.1314021114911006,497.0915408654627
14.5,89.0,5.6,17.5,1.43,11.081557762538953,0.5877866649021191,511.66395221864127
17.4,90.6,5.5,17.66,1.61,11.041032051206026,1.308332819650179,546.4430436925701
18.9,93.8,5.6,16.18,2.79,10.952717001437316,0.33647223662121295,517.9768334587948
17.1,91.5,3.8,26.44,1.55,11.092092879730941,1.2809338454620642,604.2350536008317
18.9,89.5,3.0,17.63,1.34,10.840325732297943,1.3862943611198906,463.6809247747852
11.5,92.3,4.7,19.07,2.29,11.304103863163567,0.0,593.295878967653
8.5,94.4,4.1,23.92,1.73,11.420163036888468,0.4700036292457356,619.8386886924694
11.9,92.6,5.0,18.59,2.77,11.318174988157237,0.7884573603642702,653.6053855347277
8.8,88.1,5.5,17.23,2.2,11.247943778039224,1.3862943611198906,725.3964433328854
11.6,95.0,5.1,17.24,3.38,11.097258494377467,0.7419373447293773,656.5059024867941
6.9,92.5,4.2,20.82,4.79,11.489431633554496,0.6931471805599453,736.3423117002037
13.4,93.0,5.3,12.46,3.45,11.169857524437713,0.4700036292457356,636.7102951892642
13.5,88.1,6.1,13.0,3.7,11.34291975581887,0.4054651081081644,626.1788881781308
16.7,85.0,6.9,11.74,2.39,11.233026359833545,0.9162907318741551,556.327241828045
14.3,89.7,6.3,10.78,4.6,11.115740977693285,1.1314021114911006,568.5068161420758
8.8,96.3,3.7,20.03,3.3,11.410981329057863,1.1314021114911006,771.4272486761146
8.8,95.1,4.3,32.74,2.87,11.702090220246177,2.1972245773362196,921.0320298447823
8.4,95.0,5.3,21.18,1.69,11.509007800936123,2.0541237336955462,751.398695766768
14.2,92.9,6.7,12.72,5.3,11.114967110551458,0.4054651081081644,628.6493458200684
11.3,90.9,9.1,16.07,3.15,11.218661781152893,1.1939224684724346,657.5712889109438
9.8,94.2,4.7,19.04,4.03,11.494496693501794,1.1314021114911006,733.48483283569
8.9,93.0,4.4,16.92,2.26,11.421182913604698,0.5877866649021191,747.1947537289057
9.0,94.0,3.6,24.27,2.82,11.573728894329054,1.252762968495368,835.2843827104634
12.5,95.0,4.1,18.22,5.47,11.20616929977651,1.1631508098056809,649.1532946846993
10.4,96.0,4.1,22.79,3.21,11.44218106044447,0.7419373447293773,702.2107945624305
13.4,95.5,4.2,24.7,2.43,11.22369552852816,1.308332819650179,781.7928114276825
15.8,87.2,4.7,10.48,3.69,11.149441679102166,0.4054651081081644,564.71231613982
12.6,93.9,5.4,13.9,2.7,11.285083392874464,0.0,521.1525688318153
21.1,94.0,4.6,20.81,2.74,10.940490359572546,0.4054651081081644,418.44951905815356
13.8,91.4,2.8,17.01,3.0,10.979274650562294,0.09531017980432487,418.21047332652967
15.9,95.3,5.5,17.35,4.01,10.941447093992288,0.6931471805599453,371.4835124201342
19.9,94.8,4.6,21.21,1.24,11.018776673255955,0.7884573603642702,511.3707070218238
18.4,95.8,2.4,13.35,4.73,10.918518937044894,0.18232155679395465,398.4971769034255
12.9,91.1,5.3,14.49,4.15,10.910532647678748,0.5306282510621704,404.5985664828782
10.3,95.2,2.1,21.73,1.55,11.253455009396003,0.33647223662121295,523.354564325181
8.4,96.5,2.8,16.36,0.99,11.259541754343456,0.09531017980432487,510.7837115648854
10.2,96.3,2.3,30.68,1.64,11.324642172291952,1.3862943611198906,627.2957835024878
8.1,95.6,3.1,14.13,0.98,11.19459172665227,0.0,492.1381919745713
10.5,94.7,2.9,21.74,1.46,11.19221042902805,0.18232155679395465,518.6520991955975
9.6,96.8,2.5,15.06,1.51,11.174441205588062,0.09531017980432487,482.59714048054616
10.5,96.1,3.6,18.87,1.02,11.324955988663673,0.09531017980432487,532.634959423431
11.9,95.1,3.1,21.06,3.04,11.223722236146509,0.5877866649021191,515.26692111953
13.1,96.7,3.6,22.08,4.58,11.156393367971244,0.5877866649021191,521.7278984298233
9.0,96.1,1.8,14.17,2.69,11.1316211207289,0.18232155679395465,446.9899327725402
10.2,94.3,2.1,17.61,1.52,11.213723964609445,0.0,464.43514078932486
17.0,93.2,3.9,21.75,1.95,11.05382221019278,1.547562508716013,482.18253804964775
5.7,96.0,1.8,21.52,0.65,11.359587787899981,0.4054651081081644,525.8326730053963
4.5,97.5,3.3,30.82,1.46,11.482064114781311,0.09531017980432487,635.0590523722971
9.3,94.9,2.7,21.51,3.16,11.147512455088211,0.5306282510621704,508.82216932834206
9.8,94.5,3.6,16.83,2.6,11.211523030687408,0.6418538861723948,503.189825016365
11.4,95.6,5.1,17.69,2.4,11.204224025294373,0.4700036292457356,497.49371855331
6.5,95.5,1.3,25.16,2.51,11.537374145372539,0.09531017980432487,612.3724356957945
9.1,95.7,2.1,18.22,1.36,11.290656531066679,0.0,520.8646657242167
9.0,95.0,1.4,19.6,1.46,11.19687135246267,0.09531017980432487,489.5916665957459
11.2,94.5,4.0,20.23,1.1,11.228292073896467,0.0,561.3376880274475
6.1,98.3,1.1,23.55,0.9,11.44343604165039,0.0,597.3273809227231
5.8,98.0,2.0,30.63,0.79,11.49913075394804,0.262364264467491,624.8999919987198
10.8,95.5,2.3,22.43,2.0,11.155636046566439,0.4054651081081644,471.59304490206387
9.3,96.2,3.7,15.58,4.58,11.104370588439984,0.09531017980432487,417.73197148410844
11.0,91.0,5.4,20.33,0.81,11.226735611938384,0.5306282510621704,597.7457653551382
9.7,85.2,3.2,17.13,1.95,11.200991682716156,0.33647223662121295,517.0106381884226
